date,PM25
4/8/08,144.5555556
4/9/08,80.91666667
4/10/08,87.54166667
4/11/08,71.5
4/12/08,65.83333333
4/13/08,66.04166667
4/14/08,113.7083333
4/15/08,180.625
4/16/08,199.25
4/17/08,179.125
4/18/08,165.2916667
4/19/08,145.0833333
4/20/08,57.70833333
4/21/08,27.20833333
4/22/08,30.875
4/23/08,34.33333333
4/24/08,75.95833333
4/25/08,62.41666667
4/26/08,81.95833333
4/27/08,62.54166667
4/28/08,155.4166667
4/29/08,215.5833333
4/30/08,111.5833333
5/1/08,158.7916667
5/2/08,197.9583333
5/3/08,127.875
5/4/08,33.95833333
5/5/08,81.41666667
5/6/08,139.5833333
5/7/08,-12.20833333
5/8/08,50.20833333
5/9/08,62.58333333
5/10/08,32
5/11/08,18.45833333
5/12/08,21.5
5/13/08,49.375
5/14/08,22.83333333
5/15/08,102.8333333
5/16/08,158.4583333
5/17/08,142.5416667
5/18/08,64.875
5/19/08,58.875
5/20/08,114.4166667
5/21/08,-10.66666667
5/22/08,107.2083333
5/23/08,211.9166667
5/24/08,118.5416667
5/25/08,121.6666667
5/26/08,167.4583333
5/27/08,127.9166667
5/28/08,108.3333333
5/29/08,60.95833333
5/30/08,32.33333333
5/31/08,104.25
6/1/08,18.54166667
6/2/08,31.29166667
6/3/08,68.25
6/4/08,46.58333333
6/5/08,110.25
6/6/08,75.33333333
6/7/08,144.4166667
6/8/08,146.2916667
6/9/08,92
6/10/08,107.5
6/11/08,49.58333333
6/12/08,83.375
6/13/08,151.75
6/14/08,130.8333333
6/15/08,109.4583333
6/16/08,70.125
6/17/08,46.70833333
6/18/08,90.45833333
6/19/08,188.9166667
6/20/08,169.625
6/21/08,86.58333333
6/22/08,140.2916667
6/23/08,71.33333333
6/24/08,96.16666667
6/25/08,149.8333333
6/26/08,79.08333333
6/27/08,135.5416667
6/28/08,63.875
6/29/08,126.25
6/30/08,113.5833333
7/1/08,65.125
7/2/08,95.5
7/3/08,102.1666667
7/4/08,134.4583333
7/5/08,30.33333333
7/6/08,25.375
7/7/08,82.54166667
7/8/08,24.58333333
7/9/08,-557.2083333
7/10/08,-999
7/11/08,-714.0833333
7/12/08,-522.3333333
7/13/08,-296.375
7/14/08,69.16666667
7/15/08,29.29166667
7/16/08,-178.7083333
7/17/08,-409.1666667
7/18/08,71.08333333
7/19/08,-294.7916667
7/20/08,-346.6666667
7/21/08,-283.625
7/22/08,-416
7/23/08,-190.9583333
7/24/08,-66.79166667
7/25/08,156.1666667
7/26/08,-233.2916667
7/27/08,198.2916667
7/28/08,-111.9166667
7/29/08,66.04166667
7/30/08,68.375
7/31/08,62.08333333
8/1/08,21.33333333
8/2/08,-486.375
8/3/08,-348.2083333
8/4/08,124.7916667
8/5/08,-192.7083333
8/6/08,100.6666667
8/7/08,141.25
8/8/08,142.3333333
8/9/08,95.95833333
8/10/08,95.66666667
8/11/08,28.04166667
8/12/08,38.25
8/13/08,75.125
8/14/08,42.125
8/15/08,-320.9583333
8/16/08,-408.125
8/17/08,35.625
8/18/08,28
8/19/08,-5.25
8/20/08,62.70833333
8/21/08,48.04166667
8/22/08,40.66666667
8/23/08,-266.5
8/24/08,-81.5
8/25/08,54.375
8/26/08,65.16666667
8/27/08,76.95833333
8/28/08,123.7916667
8/29/08,126.6666667
8/30/08,64.58333333
8/31/08,-157.2083333
9/1/08,-364.2083333
9/2/08,-225.7083333
9/3/08,77.5
9/4/08,51.45833333
9/5/08,44.625
9/6/08,107.4166667
9/7/08,73.75
9/8/08,70.20833333
9/9/08,69.29166667
9/10/08,-5.958333333
9/11/08,37.20833333
9/12/08,41.04166667
9/13/08,39.5
9/14/08,64.20833333
9/15/08,46.70833333
9/16/08,39.08333333
9/17/08,75.625
9/18/08,69.66666667
9/19/08,72.45833333
9/20/08,73.83333333
9/21/08,133.75
9/22/08,28.33333333
9/23/08,10.91666667
9/24/08,21.875
9/25/08,20.20833333
9/26/08,12.875
9/27/08,43.29166667
9/28/08,-135
9/29/08,-336
9/30/08,-286.5416667
10/1/08,168
10/2/08,213.0416667
10/3/08,91.08333333
10/4/08,51.95833333
10/5/08,21.5
10/6/08,26.25
10/7/08,83.125
10/8/08,49.33333333
10/9/08,62.66666667
10/10/08,23
10/11/08,33.5
10/12/08,59.04166667
10/13/08,165.4583333
10/14/08,92.83333333
10/15/08,59.54166667
10/16/08,60.29166667
10/17/08,235.375
10/18/08,137.9583333
10/19/08,113
10/20/08,180.875
10/21/08,159.125
10/22/08,127.125
10/23/08,5.833333333
10/24/08,21.375
10/25/08,26.5
10/26/08,10.33333333
10/27/08,29.125
10/28/08,43.625
10/29/08,39.70833333
10/30/08,86.54166667
10/31/08,44.33333333
11/1/08,63.20833333
11/2/08,31.125
11/3/08,21.41666667
11/4/08,116
11/5/08,155
11/6/08,36.85714286
11/7/08,NA
11/8/08,NA
11/9/08,NA
11/10/08,NA
11/11/08,NA
11/12/08,NA
11/13/08,NA
11/14/08,NA
11/15/08,NA
11/16/08,NA
11/17/08,NA
11/18/08,NA
11/19/08,NA
11/20/08,NA
11/21/08,NA
11/22/08,NA
11/23/08,NA
11/24/08,NA
11/25/08,NA
11/26/08,NA
11/27/08,NA
11/28/08,NA
11/29/08,NA
11/30/08,NA
12/1/08,NA
12/2/08,NA
12/3/08,NA
12/4/08,NA
12/5/08,NA
12/6/08,NA
12/7/08,NA
12/8/08,NA
12/9/08,NA
12/10/08,NA
12/11/08,NA
12/12/08,NA
12/13/08,NA
12/14/08,NA
12/15/08,NA
12/16/08,NA
12/17/08,NA
12/18/08,NA
12/19/08,NA
12/20/08,NA
12/21/08,NA
12/22/08,NA
12/23/08,NA
12/24/08,NA
12/25/08,NA
12/26/08,NA
12/27/08,NA
12/28/08,NA
12/29/08,NA
12/30/08,NA
12/31/08,NA
1/1/09,-999
1/2/09,-999
1/3/09,-999
1/4/09,-999
1/5/09,-999
1/6/09,-999
1/7/09,-999
1/8/09,-999
1/9/09,-999
1/10/09,-999
1/11/09,-999
1/12/09,-999
1/13/09,-999
1/14/09,-999
1/15/09,-999
1/16/09,-999
1/17/09,-999
1/18/09,-999
1/19/09,-999
1/20/09,-999
1/21/09,-999
1/22/09,-999
1/23/09,-999
1/24/09,-999
1/25/09,-999
1/26/09,-999
1/27/09,-999
1/28/09,-999
1/29/09,-999
1/30/09,-999
1/31/09,-999
2/1/09,-999
2/2/09,-999
2/3/09,-999
2/4/09,-999
2/5/09,-999
2/6/09,-999
2/7/09,-999
2/8/09,-999
2/9/09,-999
2/10/09,-999
2/11/09,-999
2/12/09,-999
2/13/09,-999
2/14/09,-999
2/15/09,-999
2/16/09,-999
2/17/09,-689.6666667
2/18/09,90.5
2/19/09,88
2/20/09,29.79166667
2/21/09,110.8333333
2/22/09,20.41666667
2/23/09,79.66666667
2/24/09,65.58333333
2/25/09,26.54166667
2/26/09,-54.54166667
2/27/09,-999
2/28/09,-999
3/1/09,-999
3/2/09,-999
3/3/09,-544.7083333
3/4/09,266.75
3/5/09,75.16666667
3/6/09,21.83333333
3/7/09,122.125
3/8/09,118.7083333
3/9/09,22.29166667
3/10/09,72.91666667
3/11/09,86.25
3/12/09,73
3/13/09,26.5
3/14/09,56.08333333
3/15/09,82.29166667
3/16/09,82.625
3/17/09,210.5
3/18/09,240.8333333
3/19/09,82.33333333
3/20/09,56.04166667
3/21/09,99.66666667
3/22/09,16.54166667
3/23/09,60.29166667
3/24/09,23.54166667
3/25/09,15.66666667
3/26/09,27.75
3/27/09,55.08333333
3/28/09,53.04166667
3/29/09,71.20833333
3/30/09,64.29166667
3/31/09,-22.375
4/1/09,17.875
4/2/09,87
4/3/09,79.33333333
4/4/09,107.3333333
4/5/09,42.875
4/6/09,-266.75
4/7/09,-434.6666667
4/8/09,-167.4166667
4/9/09,104.7083333
4/10/09,112.4166667
4/11/09,142.125
4/12/09,230.75
4/13/09,147.7083333
4/14/09,63.375
4/15/09,27
4/16/09,65.29166667
4/17/09,117.0833333
4/18/09,109.0416667
4/19/09,86.625
4/20/09,43.29166667
4/21/09,-281.5
4/22/09,-69.375
4/23/09,88.25
4/24/09,77.625
4/25/09,18.58333333
4/26/09,-446.625
4/27/09,-471.5
4/28/09,28.70833333
4/29/09,102.125
4/30/09,135.5833333
5/1/09,69.79166667
5/2/09,-161.375
5/3/09,-458.375
5/4/09,-999
5/5/09,-999
5/6/09,-999
5/7/09,-604.7916667
5/8/09,125.2083333
5/9/09,90
5/10/09,47.66666667
5/11/09,103.8333333
5/12/09,47
5/13/09,-196.125
5/14/09,-999
5/15/09,-999
5/16/09,-999
5/17/09,-999
5/18/09,-594.5
5/19/09,100.5833333
5/20/09,111.0416667
5/21/09,49.45833333
5/22/09,23.83333333
5/23/09,66.25
5/24/09,176.875
5/25/09,144.625
5/26/09,92.625
5/27/09,144.2083333
5/28/09,57.25
5/29/09,55.75
5/30/09,43.75
5/31/09,45.125
6/1/09,68.58333333
6/2/09,27.08333333
6/3/09,42.20833333
6/4/09,-8.125
6/5/09,-999
6/6/09,-953.7083333
6/7/09,103.5416667
6/8/09,78.41666667
6/9/09,37.04166667
6/10/09,18.83333333
6/11/09,78.54166667
6/12/09,33.875
6/13/09,80
6/14/09,59.70833333
6/15/09,114
6/16/09,102.625
6/17/09,135.375
6/18/09,321.125
6/19/09,266.8333333
6/20/09,149.4166667
6/21/09,79.33333333
6/22/09,-444
6/23/09,-954.4583333
6/24/09,-203.5
6/25/09,-813.1666667
6/26/09,-800.8333333
6/27/09,138.5833333
6/28/09,117.2916667
6/29/09,72.95833333
6/30/09,20.83333333
7/1/09,28.79166667
7/2/09,52.25
7/3/09,99.91666667
7/4/09,157.375
7/5/09,-196.0833333
7/6/09,-953.9166667
7/7/09,80.875
7/8/09,67.54166667
7/9/09,62.54166667
7/10/09,95.04166667
7/11/09,100.75
7/12/09,64.875
7/13/09,128.75
7/14/09,-87.70833333
7/15/09,151.4583333
7/16/09,124.3333333
7/17/09,57.125
7/18/09,47.20833333
7/19/09,108.5833333
7/20/09,69.95833333
7/21/09,105
7/22/09,179.5833333
7/23/09,53.625
7/24/09,-169.875
7/25/09,33.375
7/26/09,84.75
7/27/09,103.5416667
7/28/09,94.29166667
7/29/09,136.625
7/30/09,188.1666667
7/31/09,94.70833333
8/1/09,154.0416667
8/2/09,83.66666667
8/3/09,143.4166667
8/4/09,154.7083333
8/5/09,84.375
8/6/09,44.58333333
8/7/09,112
8/8/09,-907.125
8/9/09,89.75
8/10/09,83.29166667
8/11/09,94.54166667
8/12/09,101.6666667
8/13/09,140.9583333
8/14/09,208.5
8/15/09,145.9166667
8/16/09,159
8/17/09,98.04166667
8/18/09,141.625
8/19/09,70.54166667
8/20/09,6
8/21/09,58.95833333
8/22/09,35.75
8/23/09,67.54166667
8/24/09,152.2083333
8/25/09,-226.0416667
8/26/09,138.5
8/27/09,75.66666667
8/28/09,27.58333333
8/29/09,64.5
8/30/09,100.9583333
8/31/09,102.8333333
9/1/09,105
9/2/09,184.0416667
9/3/09,124.9583333
9/4/09,170.25
9/5/09,121.3333333
9/6/09,-21.5
9/7/09,-15.33333333
9/8/09,19.20833333
9/9/09,72.5
9/10/09,44.20833333
9/11/09,40.33333333
9/12/09,14.625
9/13/09,21.75
9/14/09,125.125
9/15/09,54.04166667
9/16/09,169.7083333
9/17/09,130.5
9/18/09,119.5833333
9/19/09,107.2916667
9/20/09,95.66666667
9/21/09,45.70833333
9/22/09,86.83333333
9/23/09,115.5416667
9/24/09,155.6666667
9/25/09,239.9583333
9/26/09,80.33333333
9/27/09,106.75
9/28/09,92
9/29/09,179.625
9/30/09,197.0416667
10/1/09,52.83333333
10/2/09,15.79166667
10/3/09,19.08333333
10/4/09,28.875
10/5/09,104.5416667
10/6/09,65.20833333
10/7/09,62.41666667
10/8/09,85.04166667
10/9/09,104.3333333
10/10/09,90.125
10/11/09,152
10/12/09,124.625
10/13/09,18.33333333
10/14/09,38.04166667
10/15/09,104.0416667
10/16/09,100.4166667
10/17/09,57.45833333
10/18/09,117
10/19/09,30.45833333
10/20/09,91.375
10/21/09,85.83333333
10/22/09,91
10/23/09,217.375
10/24/09,205.375
10/25/09,-541.9583333
10/26/09,-213.2916667
10/27/09,93.83333333
10/28/09,185.75
10/29/09,-152.875
10/30/09,78.29166667
10/31/09,2.083333333
11/1/09,24.375
11/2/09,21.125
11/3/09,124.8333333
11/4/09,117.7083333
11/5/09,268.1666667
11/6/09,423.6666667
11/7/09,482.25
11/8/09,254.7916667
11/9/09,-1.583333333
11/10/09,36.66666667
11/11/09,38.625
11/12/09,62.45833333
11/13/09,97.83333333
11/14/09,16.20833333
11/15/09,-154.125
11/16/09,-999
11/17/09,-999
11/18/09,-616.6666667
11/19/09,45.91666667
11/20/09,44.83333333
11/21/09,119.875
11/22/09,225.75
11/23/09,322.8333333
11/24/09,222.2083333
11/25/09,141.7916667
11/26/09,194.875
11/27/09,172.0833333
11/28/09,203.875
11/29/09,274.2083333
11/30/09,121.5
12/1/09,114.4166667
12/2/09,122.75
12/3/09,85.125
12/4/09,90.20833333
12/5/09,73.875
12/6/09,172
12/7/09,291.5833333
12/8/09,208.25
12/9/09,222.5833333
12/10/09,282.2083333
12/11/09,84.5
12/12/09,55.83333333
12/13/09,119.9166667
12/14/09,55.79166667
12/15/09,34.54166667
12/16/09,30.58333333
12/17/09,17.79166667
12/18/09,15.5
12/19/09,15.66666667
12/20/09,-745.4583333
12/21/09,-487.5
12/22/09,112.4583333
12/23/09,150.5
12/24/09,-276.5416667
12/25/09,-999
12/26/09,-999
12/27/09,-999
12/28/09,-338.75
12/29/09,108.4166667
12/30/09,22.29166667
12/31/09,13.83333333
1/1/10,-952
1/2/10,144.3333333
1/3/10,78.375
1/4/10,29.29166667
1/5/10,43.54166667
1/6/10,59.375
1/7/10,72.45833333
1/8/10,174.3333333
1/9/10,84.75
1/10/10,55.08333333
1/11/10,19.91666667
1/12/10,20.5
1/13/10,42.70833333
1/14/10,92.08333333
1/15/10,49.83333333
1/16/10,182.7083333
1/17/10,210
1/18/10,263.375
1/19/10,341
1/20/10,70.91666667
1/21/10,27.75
1/22/10,30
1/23/10,-318.625
1/24/10,-999
1/25/10,-999
1/26/10,-347.625
1/27/10,110.7083333
1/28/10,21.125
1/29/10,25.625
1/30/10,45.29166667
1/31/10,38.41666667
2/1/10,64.66666667
2/2/10,65.91666667
2/3/10,78.95833333
2/4/10,56.20833333
2/5/10,78.58333333
2/6/10,76.66666667
2/7/10,113.9166667
2/8/10,180.9583333
2/9/10,147.625
2/10/10,12.20833333
2/11/10,14.58333333
2/12/10,26.875
2/13/10,88.20833333
2/14/10,44.70833333
2/15/10,34.20833333
2/16/10,96.125
2/17/10,60.75
2/18/10,84.20833333
2/19/10,114.875
2/20/10,180.8333333
2/21/10,121.2916667
2/22/10,91.83333333
2/23/10,174.5416667
2/24/10,272.75
2/25/10,164.9583333
2/26/10,69.29166667
2/27/10,80.08333333
2/28/10,81.20833333
3/1/10,59.25
3/2/10,90.41666667
3/3/10,157.4166667
3/4/10,192.3333333
3/5/10,21.79166667
3/6/10,51.83333333
3/7/10,87.83333333
3/8/10,45.375
3/9/10,19.70833333
3/10/10,61.875
3/11/10,176.2916667
3/12/10,43.625
3/13/10,60.375
3/14/10,86.625
3/15/10,62.75
3/16/10,64.875
3/17/10,40.58333333
3/18/10,164.75
3/19/10,226
3/20/10,65.20833333
3/21/10,70.54166667
3/22/10,112.1666667
3/23/10,53.875
3/24/10,61.91666667
3/25/10,31.04166667
3/26/10,69.5
3/27/10,69.625
3/28/10,73.91666667
3/29/10,221.875
3/30/10,-686.3333333
3/31/10,-535.625
4/1/10,-57.70833333
4/2/10,31.625
4/3/10,106.875
4/4/10,124.125
4/5/10,128.0416667
4/6/10,21.29166667
4/7/10,94.75
4/8/10,108.2083333
4/9/10,83.45833333
4/10/10,34.04166667
4/11/10,70.75
4/12/10,44.5
4/13/10,23.95833333
4/14/10,55.91666667
4/15/10,177.5833333
4/16/10,205
4/17/10,152.375
4/18/10,240.25
4/19/10,199.5
4/20/10,80.25
4/21/10,39
4/22/10,39.54166667
4/23/10,33.5
4/24/10,88.75
4/25/10,83.83333333
4/26/10,13.5
4/27/10,25.125
4/28/10,16.125
4/29/10,19.04166667
4/30/10,29.04166667
5/1/10,69.91666667
5/2/10,76.41666667
5/3/10,113.2916667
5/4/10,139.25
5/5/10,119.25
5/6/10,20.29166667
5/7/10,96.5
5/8/10,132
5/9/10,79.58333333
5/10/10,42.375
5/11/10,17.66666667
5/12/10,43.79166667
5/13/10,67.66666667
5/14/10,142.75
5/15/10,177.0833333
5/16/10,107.625
5/17/10,-19.875
5/18/10,50.08333333
5/19/10,34.41666667
5/20/10,65.41666667
5/21/10,113.875
5/22/10,148
5/23/10,123.2083333
5/24/10,42.45833333
5/25/10,34.33333333
5/26/10,83.70833333
5/27/10,-141
5/28/10,134.4166667
5/29/10,137.5833333
5/30/10,41.29166667
5/31/10,89.08333333
6/1/10,-77.79166667
6/2/10,-622.7916667
6/3/10,110.8333333
6/4/10,-504.4166667
6/5/10,-999
6/6/10,-999
6/7/10,-386.75
6/8/10,-852.6666667
6/9/10,-650.25
6/10/10,51.79166667
6/11/10,87.375
6/12/10,106.5
6/13/10,117.7916667
6/14/10,87.58333333
6/15/10,144.4583333
6/16/10,90.91666667
6/17/10,37
6/18/10,68.29166667
6/19/10,100.125
6/20/10,-14.875
6/21/10,76.83333333
6/22/10,-576.0833333
6/23/10,-338.3333333
6/24/10,79.33333333
6/25/10,166.5833333
6/26/10,169.3333333
6/27/10,118.75
6/28/10,156.9583333
6/29/10,188.2083333
6/30/10,178.375
7/1/10,119.375
7/2/10,27.04166667
7/3/10,70.83333333
7/4/10,92.875
7/5/10,46.29166667
7/6/10,24.95833333
7/7/10,57.125
7/8/10,46.33333333
7/9/10,84.58333333
7/10/10,82.79166667
7/11/10,167.5416667
7/12/10,122
7/13/10,103.4583333
7/14/10,131.2083333
7/15/10,197.7916667
7/16/10,195.9583333
7/17/10,120.7083333
7/18/10,153.0416667
7/19/10,164.3333333
7/20/10,42.5
7/21/10,71.66666667
7/22/10,168.5416667
7/23/10,169.1666667
7/24/10,97.45833333
7/25/10,164.0416667
7/26/10,211.5833333
7/27/10,182.6666667
7/28/10,177.0416667
7/29/10,201.2083333
7/30/10,212.375
7/31/10,119.7083333
8/1/10,43.25
8/2/10,68.33333333
8/3/10,151.3333333
8/4/10,113.7083333
8/5/10,21
8/6/10,22
8/7/10,79.16666667
8/8/10,100.1666667
8/9/10,242.9583333
8/10/10,141.75
8/11/10,112.0416667
8/12/10,93.04166667
8/13/10,-103.75
8/14/10,-999
8/15/10,-999
8/16/10,-596.1666667
8/17/10,147
8/18/10,229.875
8/19/10,113.9583333
8/20/10,113
8/21/10,37.16666667
8/22/10,23.625
8/23/10,85.08333333
8/24/10,127.1666667
8/25/10,90.16666667
8/26/10,60.16666667
8/27/10,39.875
8/28/10,51.33333333
8/29/10,113.5833333
8/30/10,110
8/31/10,88.08333333
9/1/10,69.66666667
9/2/10,103.375
9/3/10,106.7916667
9/4/10,91.79166667
9/5/10,119.5
9/6/10,158
9/7/10,129.4583333
9/8/10,97.04166667
9/9/10,162.25
9/10/10,99.70833333
9/11/10,-640.2083333
9/12/10,124.125
9/13/10,159.375
9/14/10,200.4583333
9/15/10,301.75
9/16/10,191.9166667
9/17/10,41.25
9/18/10,23.625
9/19/10,-149.4166667
9/20/10,90.41666667
9/21/10,-831
9/22/10,-999
9/23/10,-999
9/24/10,-999
9/25/10,-999
9/26/10,-999
9/27/10,-955.5
9/28/10,-999
9/29/10,-999
9/30/10,-796.4166667
10/1/10,220.875
10/2/10,28.54166667
10/3/10,9.875
10/4/10,27.70833333
10/5/10,82.125
10/6/10,281.2916667
10/7/10,373.9166667
10/8/10,362.5
10/9/10,363.25
10/10/10,371.2083333
10/11/10,10.58333333
10/12/10,-29.66666667
10/13/10,110.9583333
10/14/10,15.125
10/15/10,43.16666667
10/16/10,72.58333333
10/17/10,48.125
10/18/10,66.125
10/19/10,73.375
10/20/10,82.41666667
10/21/10,128.375
10/22/10,168.6666667
10/23/10,220.125
10/24/10,91.04166667
10/25/10,10.95833333
10/26/10,14.41666667
10/27/10,92.5
10/28/10,71.91666667
10/29/10,52.33333333
10/30/10,52.75
10/31/10,72
11/1/10,-644.1666667
11/2/10,-999
11/3/10,-536.4583333
11/4/10,66.5
11/5/10,105.4166667
11/6/10,280.5833333
11/7/10,50.70833333
11/8/10,13
11/9/10,64.45833333
11/10/10,133.3333333
11/11/10,67.20833333
11/12/10,67.45833333
11/13/10,16
11/14/10,21.70833333
11/15/10,59.41666667
11/16/10,143.0416667
11/17/10,330.875
11/18/10,385.0833333
11/19/10,366.9583333
11/20/10,295.7083333
11/21/10,119.4583333
11/22/10,-10.58333333
11/23/10,232.0416667
11/24/10,61.75
11/25/10,71.875
11/26/10,112.5416667
11/27/10,27.83333333
11/28/10,187.9166667
11/29/10,181.7916667
11/30/10,225.1666667
12/1/10,258.0833333
12/2/10,72.875
12/3/10,82.16666667
12/4/10,172.7083333
12/5/10,65.5
12/6/10,19.95833333
12/7/10,58.33333333
12/8/10,40.375
12/9/10,198.7083333
12/10/10,95.5
12/11/10,49.58333333
12/12/10,116.75
12/13/10,15.66666667
12/14/10,17.125
12/15/10,22.79166667
12/16/10,55.66666667
12/17/10,121.625
12/18/10,278.1666667
12/19/10,137.8333333
12/20/10,210.6666667
12/21/10,441.5
12/22/10,121.7916667
12/23/10,24.08333333
12/24/10,47.75
12/25/10,56.75
12/26/10,47.20833333
12/27/10,77
12/28/10,30.54166667
12/29/10,34.29166667
12/30/10,17.70833333
12/31/10,-23.79166667
1/1/11,-955.875
1/2/11,37.875
1/3/11,169.2916667
1/4/11,82.79166667
1/5/11,19.625
1/6/11,16.08333333
1/7/11,50.91666667
1/8/11,-326.4583333
1/9/11,-999
1/10/11,-593.2916667
1/11/11,24.5
1/12/11,66.91666667
1/13/11,121.5
1/14/11,16.91666667
1/15/11,16.875
1/16/11,39.33333333
1/17/11,33.91666667
1/18/11,20.625
1/19/11,20.54166667
1/20/11,43.20833333
1/21/11,74.45833333
1/22/11,48.79166667
1/23/11,14.41666667
1/24/11,48.45833333
1/25/11,31.16666667
1/26/11,71.45833333
1/27/11,27.875
1/28/11,17
1/29/11,12.66666667
1/30/11,21.20833333
1/31/11,29.16666667
2/1/11,37.20833333
2/2/11,52.91666667
2/3/11,110.2083333
2/4/11,120.4583333
2/5/11,120.625
2/6/11,48.75
2/7/11,146.4166667
2/8/11,93.29166667
2/9/11,124.6666667
2/10/11,68.16666667
2/11/11,58.04166667
2/12/11,29.375
2/13/11,72
2/14/11,36.91666667
2/15/11,211.9166667
2/16/11,267.1666667
2/17/11,214.5
2/18/11,186.4583333
2/19/11,190.25
2/20/11,359.4166667
2/21/11,492.75
2/22/11,397.2916667
2/23/11,417.4583333
2/24/11,128.3333333
2/25/11,70.375
2/26/11,79.70833333
2/27/11,54.375
2/28/11,19.08333333
3/1/11,23.375
3/2/11,25.5
3/3/11,17.125
3/4/11,60.45833333
3/5/11,96.375
3/6/11,-196.9166667
3/7/11,-107.9583333
3/8/11,-25.625
3/9/11,22.75
3/10/11,47.95833333
3/11/11,101.9166667
3/12/11,280.375
3/13/11,159.75
3/14/11,15.04166667
3/15/11,16.04166667
3/16/11,42.04166667
3/17/11,-72.04166667
3/18/11,-999
3/19/11,-999
3/20/11,-999
3/21/11,-616.6666667
3/22/11,17.95833333
3/23/11,-21.25
3/24/11,10.375
3/25/11,22.20833333
3/26/11,61
3/27/11,23.66666667
3/28/11,46.75
3/29/11,80.08333333
3/30/11,-80.58333333
3/31/11,-539.9166667
4/1/11,-5.5
4/2/11,62.54166667
4/3/11,-56.83333333
4/4/11,129.375
4/5/11,210.75
4/6/11,-574.25
4/7/11,-999
4/8/11,-825.875
4/9/11,-404.375
4/10/11,-22.125
4/11/11,21.45833333
4/12/11,107.8333333
4/13/11,166.7916667
4/14/11,-299.7916667
4/15/11,-784.9583333
4/16/11,-590
4/17/11,16.16666667
4/18/11,18.125
4/19/11,77.58333333
4/20/11,146.2083333
4/21/11,-389.75
4/22/11,-738.5833333
4/23/11,-661.625
4/24/11,-24.125
4/25/11,111.8333333
4/26/11,75.29166667
4/27/11,43.70833333
4/28/11,-366.5
4/29/11,-172.7916667
4/30/11,163.2916667
5/1/11,62.75
5/2/11,23.16666667
5/3/11,22.625
5/4/11,67.5
5/5/11,109.2916667
5/6/11,50.41666667
5/7/11,-9.166666667
5/8/11,60.79166667
5/9/11,49.79166667
5/10/11,35.66666667
5/11/11,103.3333333
5/12/11,41.54166667
5/13/11,32.45833333
5/14/11,30.79166667
5/15/11,40.04166667
5/16/11,51.875
5/17/11,155.1666667
5/18/11,173.4583333
5/19/11,13.58333333
5/20/11,33
5/21/11,42.375
5/22/11,66.58333333
5/23/11,102.8333333
5/24/11,70.25
5/25/11,17.54166667
5/26/11,-538.7083333
5/27/11,-582.75
5/28/11,141.0833333
5/29/11,107.6666667
5/30/11,54.25
5/31/11,-29.66666667
6/1/11,-24.41666667
6/2/11,79.45833333
6/3/11,29.45833333
6/4/11,-176.5
6/5/11,86.79166667
6/6/11,-37.875
6/7/11,136.25
6/8/11,26.625
6/9/11,132.2083333
6/10/11,114.7916667
6/11/11,64.29166667
6/12/11,23.33333333
6/13/11,90.125
6/14/11,150.5416667
6/15/11,151.375
6/16/11,114.0833333
6/17/11,102.0416667
6/18/11,185.5
6/19/11,196.4166667
6/20/11,179.1666667
6/21/11,145
6/22/11,249.6666667
6/23/11,135.7916667
6/24/11,27.04166667
6/25/11,35.41666667
6/26/11,50.91666667
6/27/11,59.95833333
6/28/11,143
6/29/11,235.6666667
6/30/11,142.2916667
7/1/11,136.5
7/2/11,161.7083333
7/3/11,105.0833333
7/4/11,64.29166667
7/5/11,125.5
7/6/11,167.7916667
7/7/11,26.91666667
7/8/11,23.08333333
7/9/11,23
7/10/11,87
7/11/11,191.7916667
7/12/11,111.2916667
7/13/11,93.70833333
7/14/11,103.1666667
7/15/11,75.41666667
7/16/11,74.75
7/17/11,105
7/18/11,105.9583333
7/19/11,97.83333333
7/20/11,44.375
7/21/11,90.16666667
7/22/11,174.7083333
7/23/11,292.4166667
7/24/11,226.75
7/25/11,51.66666667
7/26/11,47.95833333
7/27/11,67.45833333
7/28/11,210
7/29/11,130.625
7/30/11,41.79166667
7/31/11,-113.125
8/1/11,-999
8/2/11,-999
8/3/11,-423.7916667
8/4/11,59.79166667
8/5/11,150.3333333
8/6/11,-906.7083333
8/7/11,-999
8/8/11,-174.375
8/9/11,76.16666667
8/10/11,-821.8333333
8/11/11,9.583333333
8/12/11,133.3333333
8/13/11,121.125
8/14/11,105.875
8/15/11,112.625
8/16/11,16.875
8/17/11,50
8/18/11,21.45833333
8/19/11,59.125
8/20/11,77.45833333
8/21/11,-4.5
8/22/11,14.58333333
8/23/11,-953.5416667
8/24/11,-309.125
8/25/11,100.7083333
8/26/11,90.875
8/27/11,88.45833333
8/28/11,85.70833333
8/29/11,80.33333333
8/30/11,164.5416667
8/31/11,238.7916667
9/1/11,28.875
9/2/11,55.54166667
9/3/11,89.625
9/4/11,87.45833333
9/5/11,89.375
9/6/11,118.3333333
9/7/11,158.4166667
9/8/11,36.66666667
9/9/11,21.5
9/10/11,21.08333333
9/11/11,44.83333333
9/12/11,122.25
9/13/11,121.4583333
9/14/11,158.5
9/15/11,149.1666667
9/16/11,22.70833333
9/17/11,18.91666667
9/18/11,21.45833333
9/19/11,29.375
9/20/11,36.70833333
9/21/11,40.95833333
9/22/11,53.16666667
9/23/11,119.0416667
9/24/11,146.4166667
9/25/11,265.25
9/26/11,161.0416667
9/27/11,217.2916667
9/28/11,295.875
9/29/11,45.41666667
9/30/11,26.79166667
10/1/11,39.70833333
10/2/11,25.5
10/3/11,-480.7083333
10/4/11,-999
10/5/11,-999
10/6/11,-999
10/7/11,-568.7916667
10/8/11,197.2916667
10/9/11,356.625
10/10/11,70.125
10/11/11,118.4583333
10/12/11,178.4583333
10/13/11,91.625
10/14/11,12.625
10/15/11,14.625
10/16/11,16.20833333
10/17/11,32.875
10/18/11,93.5
10/19/11,177.5416667
10/20/11,287.9583333
10/21/11,253.3333333
10/22/11,318.875
10/23/11,174.4166667
10/24/11,-25.375
10/25/11,-270.0833333
10/26/11,-251.125
10/27/11,-396.7083333
10/28/11,177.4583333
10/29/11,232
10/30/11,281.9166667
10/31/11,246.625
11/1/11,96.45833333
11/2/11,40.91666667
11/3/11,70.29166667
11/4/11,96.58333333
11/5/11,31.83333333
11/6/11,66.25
11/7/11,58.125
11/8/11,52.79166667
11/9/11,38
11/10/11,68.04166667
11/11/11,155.9583333
11/12/11,46.66666667
11/13/11,29.79166667
11/14/11,152.25
11/15/11,203.75
11/16/11,116.75
11/17/11,121.7916667
11/18/11,84.125
11/19/11,20.125
11/20/11,62.125
11/21/11,144
11/22/11,151.625
11/23/11,23
11/24/11,186.625
11/25/11,214.6666667
11/26/11,246.7916667
11/27/11,227.125
11/28/11,125.2083333
11/29/11,67.25
11/30/11,53.20833333
12/1/11,162.9583333
12/2/11,330.2083333
12/3/11,113.8333333
12/4/11,266.4583333
12/5/11,314.6666667
12/6/11,244.0416667
12/7/11,113.9166667
12/8/11,10.83333333
12/9/11,18.66666667
12/10/11,36.58333333
12/11/11,83.70833333
12/12/11,49.41666667
12/13/11,156.9166667
12/14/11,14.45833333
12/15/11,14.5
12/16/11,26.41666667
12/17/11,107.5833333
12/18/11,52.125
12/19/11,62.79166667
12/20/11,84.375
12/21/11,-21.5
12/22/11,30.41666667
12/23/11,54.625
12/24/11,43.33333333
12/25/11,85.625
12/26/11,145.8333333
12/27/11,198.875
12/28/11,160.5
12/29/11,61.75
12/30/11,136.625
12/31/11,163.6666667
1/1/12,72.25
1/2/12,63.41666667
1/3/12,14.79166667
1/4/12,33.83333333
1/5/12,117.2083333
1/6/12,113.5
1/7/12,118
1/8/12,170.4583333
1/9/12,176.75
1/10/12,231.7916667
1/11/12,55.95833333
1/12/12,153.6666667
1/13/12,60.75
1/14/12,-591.75
1/15/12,-999
1/16/12,-999
1/17/12,-280.4166667
1/18/12,402.3333333
1/19/12,428.5416667
1/20/12,39.41666667
1/21/12,15.625
1/22/12,56.54166667
1/23/12,193.7916667
1/24/12,19.45833333
1/25/12,67.45833333
1/26/12,107.125
1/27/12,72
1/28/12,90.75
1/29/12,43.29166667
1/30/12,119.625
1/31/12,71.5
2/1/12,18.91666667
2/2/12,29.875
2/3/12,68.95833333
2/4/12,39.58333333
2/5/12,133.5416667
2/6/12,76
2/7/12,11.70833333
2/8/12,15.125
2/9/12,47.04166667
2/10/12,28.54166667
2/11/12,92
2/12/12,106.3333333
2/13/12,212.125
2/14/12,100.4583333
2/15/12,108.875
2/16/12,13.70833333
2/17/12,14.04166667
2/18/12,36.375
2/19/12,68.20833333
2/20/12,146.25
2/21/12,119.3333333
2/22/12,162.5833333
2/23/12,26.29166667
2/24/12,92.91666667
2/25/12,24.79166667
2/26/12,62.125
2/27/12,195.2916667
2/28/12,204.75
2/29/12,-77.79166667
3/1/12,250.9583333
3/2/12,121.375
3/3/12,2.083333333
3/4/12,131.75
3/5/12,165.4166667
3/6/12,22.04166667
3/7/12,-23.91666667
3/8/12,17.58333333
3/9/12,93.08333333
3/10/12,35.70833333
3/11/12,23.75
3/12/12,73.375
3/13/12,112.4583333
3/14/12,-10.375
3/15/12,101.125
3/16/12,273.9166667
3/17/12,195.6666667
3/18/12,42.25
3/19/12,101.7916667
3/20/12,135.5416667
3/21/12,284.2916667
3/22/12,157.3333333
3/23/12,30.95833333
3/24/12,19.41666667
3/25/12,44.04166667
3/26/12,160.375
3/27/12,110.125
3/28/12,46.25
3/29/12,46.41666667
3/30/12,16.83333333
3/31/12,26.5
4/1/12,56.58333333
4/2/12,41.54166667
4/3/12,21.58333333
4/4/12,16.66666667
4/5/12,16.20833333
4/6/12,29.75
4/7/12,79.91666667
4/8/12,50
4/9/12,123.8333333
4/10/12,61.875
4/11/12,19.58333333
4/12/12,32.5
4/13/12,54.25
4/14/12,60.08333333
4/15/12,73.5
4/16/12,33.04166667
4/17/12,122.375
4/18/12,155.5
4/19/12,115.625
4/20/12,144.4583333
4/21/12,167.875
4/22/12,170.125
4/23/12,249.4166667
4/24/12,91.875
4/25/12,20.875
4/26/12,77.54166667
4/27/12,29.75
4/28/12,116.9583333
4/29/12,176.125
4/30/12,180.375
5/1/12,176.0833333
5/2/12,100.625
5/3/12,70.04166667
5/4/12,69.95833333
5/5/12,96.95833333
5/6/12,105.7083333
5/7/12,87.79166667
5/8/12,83.79166667
5/9/12,113.5833333
5/10/12,181.375
5/11/12,153.0833333
5/12/12,104.5416667
5/13/12,135.2916667
5/14/12,44.16666667
5/15/12,33.75
5/16/12,28.29166667
5/17/12,55.95833333
5/18/12,96.83333333
5/19/12,-84.5
5/20/12,-999
5/21/12,-378.2083333
5/22/12,-274.5
5/23/12,29.58333333
5/24/12,-50.25
5/25/12,55.08333333
5/26/12,78.66666667
5/27/12,117.125
5/28/12,33.125
5/29/12,67.16666667
5/30/12,15.875
5/31/12,64.95833333
6/1/12,80.45833333
6/2/12,127.0833333
6/3/12,164.5
6/4/12,113.0833333
6/5/12,64.91666667
6/6/12,142.6666667
6/7/12,63.25
6/8/12,75.75
6/9/12,110.875
6/10/12,12.25
6/11/12,29.83333333
6/12/12,20.29166667
6/13/12,70.125
6/14/12,9.791666667
6/15/12,-241.4583333
6/16/12,25.08333333
6/17/12,78.66666667
6/18/12,180.9583333
6/19/12,134.3333333
6/20/12,127.7083333
6/21/12,84.41666667
6/22/12,106.0416667
6/23/12,168.0833333
6/24/12,110.4583333
6/25/12,90.29166667
6/26/12,109.1666667
6/27/12,68.29166667
6/28/12,117.0833333
6/29/12,38.125
6/30/12,69.08333333
7/1/12,43
7/2/12,-7.833333333
7/3/12,-6.625
7/4/12,40.54166667
7/5/12,95.29166667
7/6/12,125.375
7/7/12,161.625
7/8/12,142.7916667
7/9/12,94.66666667
7/10/12,45.58333333
7/11/12,64.16666667
7/12/12,-61.66666667
7/13/12,25.625
7/14/12,32.33333333
7/15/12,40.75
7/16/12,76.45833333
7/17/12,38.16666667
7/18/12,41.875
7/19/12,125.2083333
7/20/12,201.875
7/21/12,162.7916667
7/22/12,15.95833333
7/23/12,31.95833333
7/24/12,69.83333333
7/25/12,82.79166667
7/26/12,12.5
7/27/12,82.45833333
7/28/12,-307.7916667
7/29/12,-999
7/30/12,-472.0833333
7/31/12,-17.66666667
8/1/12,12.95833333
8/2/12,21.08333333
8/3/12,11.41666667
8/4/12,25.45833333
8/5/12,48.70833333
8/6/12,63.66666667
8/7/12,68.41666667
8/8/12,74.91666667
8/9/12,38.33333333
8/10/12,79.04166667
8/11/12,-260.0416667
8/12/12,-999
8/13/12,-444.3333333
8/14/12,55
8/15/12,54.16666667
8/16/12,-13.95833333
8/17/12,82.91666667
8/18/12,-508.6666667
8/19/12,-999
8/20/12,-999
8/21/12,-491.0833333
8/22/12,20
8/23/12,78.29166667
8/24/12,86.625
8/25/12,126.1666667
8/26/12,155.9166667
8/27/12,64.625
8/28/12,87.58333333
8/29/12,107.5833333
8/30/12,236.9583333
8/31/12,185.5416667
9/1/12,157.0833333
9/2/12,29.70833333
9/3/12,9.583333333
9/4/12,14.25
9/5/12,32.5
9/6/12,94.70833333
9/7/12,81.54166667
9/8/12,50.95833333
9/9/12,112.2083333
9/10/12,130.4583333
9/11/12,105.2916667
9/12/12,18.29166667
9/13/12,14.66666667
9/14/12,-25.33333333
9/15/12,34.95833333
9/16/12,11.375
9/17/12,42.20833333
9/18/12,31.54166667
9/19/12,57.20833333
9/20/12,112.7083333
9/21/12,147.7916667
9/22/12,109.6666667
9/23/12,105.3333333
9/24/12,63.125
9/25/12,61.83333333
9/26/12,-15.16666667
9/27/12,-93.04166667
9/28/12,2.916666667
9/29/12,15
9/30/12,15.45833333
10/1/12,53.58333333
10/2/12,155.6666667
10/3/12,10.08333333
10/4/12,13.54166667
10/5/12,50.5
10/6/12,94.04166667
10/7/12,127.9583333
10/8/12,263.25
10/9/12,106.0416667
10/10/12,19.875
10/11/12,131.4166667
10/12/12,170.9166667
10/13/12,35.08333333
10/14/12,43.54166667
10/15/12,101.9583333
10/16/12,-4
10/17/12,25.83333333
10/18/12,62.58333333
10/19/12,176.9166667
10/20/12,152.6666667
10/21/12,48.45833333
10/22/12,26.08333333
10/23/12,78.5
10/24/12,108.6666667
10/25/12,196.2916667
10/26/12,280.3333333
10/27/12,146.2083333
10/28/12,25.83333333
10/29/12,38.375
10/30/12,-11.66666667
10/31/12,32.625
11/1/12,96.33333333
11/2/12,164.25
11/3/12,139.8333333
11/4/12,19.83333333
11/5/12,27.54166667
11/6/12,83.45833333
11/7/12,65
11/8/12,56.45833333
11/9/12,105.7083333
11/10/12,71.91666667
11/11/12,11.79166667
11/12/12,21
11/13/12,13.375
11/14/12,41.16666667
11/15/12,142.5
11/16/12,116.375
11/17/12,70.375
11/18/12,123
11/19/12,-189.2916667
11/20/12,-577.625
11/21/12,270.2916667
11/22/12,144.375
11/23/12,45.91666667
11/24/12,159.6666667
11/25/12,148.0416667
11/26/12,-55.33333333
11/27/12,183.7916667
11/28/12,22.29166667
11/29/12,74.16666667
11/30/12,31
12/1/12,85
12/2/12,243.1666667
12/3/12,57.125
12/4/12,91.83333333
12/5/12,13.875
12/6/12,75.125
12/7/12,54.29166667
12/8/12,13.125
12/9/12,-19.625
12/10/12,77.25
12/11/12,136
12/12/12,201.125
12/13/12,220.0833333
12/14/12,207.75
12/15/12,267.5416667
12/16/12,132.0416667
12/17/12,27.125
12/18/12,40.95833333
12/19/12,198.1666667
12/20/12,191.375
12/21/12,68.58333333
12/22/12,24.20833333
12/23/12,-788.4166667
12/24/12,-999
12/25/12,-999
12/26/12,-999
12/27/12,-999
12/28/12,-378.5833333
12/29/12,32.75
12/30/12,22
12/31/12,84.25
1/1/13,15.83333333
1/2/13,18.625
1/3/13,25.08333333
1/4/13,85.5
1/5/13,61.16666667
1/6/13,139.9583333
1/7/13,146.1666667
1/8/13,118.8333333
1/9/13,61.91666667
1/10/13,248.2916667
1/11/13,361.25
1/12/13,503.25
1/13/13,357.2916667
1/14/13,299.5
1/15/13,68.54166667
1/16/13,65.70833333
1/17/13,75.79166667
1/18/13,276.8333333
1/19/13,189.4166667
1/20/13,107.25
1/21/13,147.8333333
1/22/13,198.875
1/23/13,378.0833333
1/24/13,19.41666667
1/25/13,73.95833333
1/26/13,161.375
1/27/13,312.9583333
1/28/13,406.375
1/29/13,370.25
1/30/13,277.9166667
1/31/13,173.5
2/1/13,34.58333333
2/2/13,49.08333333
2/3/13,188.875
2/4/13,37.54166667
2/5/13,93.41666667
2/6/13,93.75
2/7/13,12.66666667
2/8/13,60.33333333
2/9/13,188.5833333
2/10/13,59.83333333
2/11/13,65.29166667
2/12/13,119.125
2/13/13,315.0416667
2/14/13,25.75
2/15/13,40.54166667
2/16/13,145.375
2/17/13,124.0416667
2/18/13,22.375
2/19/13,32.95833333
2/20/13,83.41666667
2/21/13,212.6666667
2/22/13,85.08333333
2/23/13,149
2/24/13,332.875
2/25/13,159.4583333
2/26/13,216.4166667
2/27/13,245.7083333
2/28/13,221.125
3/1/13,10.5
3/2/13,48.83333333
3/3/13,101
3/4/13,-17.58333333
3/5/13,183.4166667
3/6/13,175
3/7/13,318.4583333
3/8/13,222.1666667
3/9/13,64.45833333
3/10/13,42.125
3/11/13,126.5833333
3/12/13,147.2083333
3/13/13,22.04166667
3/14/13,66.45833333
3/15/13,257.5416667
3/16/13,212.5416667
3/17/13,351.2916667
3/18/13,52.70833333
3/19/13,56.16666667
3/20/13,64.91666667
3/21/13,157.625
3/22/13,64.5
3/23/13,55.16666667
3/24/13,23.33333333
3/25/13,67.29166667
3/26/13,196.5416667
3/27/13,92.70833333
3/28/13,37.08333333
3/29/13,95.91666667
3/30/13,94.58333333
3/31/13,200.4583333
4/1/13,95.66666667
4/2/13,70.29166667
4/3/13,123.4583333
4/4/13,83.29166667
4/5/13,61.5
4/6/13,15.125
4/7/13,79.95833333
4/8/13,19.29166667
4/9/13,11.41666667
4/10/13,12.45833333
4/11/13,-23.5
4/12/13,51.70833333
4/13/13,59.25
4/14/13,30.83333333
4/15/13,23.95833333
4/16/13,-27.04166667
4/17/13,47.125
4/18/13,11.79166667
4/19/13,54.625
4/20/13,78.54166667
4/21/13,130.875
4/22/13,171.5833333
4/23/13,206.2916667
4/24/13,78.875
4/25/13,17.25
4/26/13,72.41666667
4/27/13,72.70833333
4/28/13,71.70833333
4/29/13,30.04166667
4/30/13,21.41666667
5/1/13,45.70833333
5/2/13,82.91666667
5/3/13,64.125
5/4/13,86.625
5/5/13,186.2916667
5/6/13,214.2916667
5/7/13,178.9583333
5/8/13,124.2916667
5/9/13,49.70833333
5/10/13,48.75
5/11/13,53.20833333
5/12/13,48.91666667
5/13/13,104.5
5/14/13,62.83333333
5/15/13,67.5
5/16/13,68.75
5/17/13,-306.625
5/18/13,-230.5416667
5/19/13,54.5
5/20/13,48.625
5/21/13,101.5416667
5/22/13,62.70833333
5/23/13,87.08333333
5/24/13,115.5416667
5/25/13,63.83333333
5/26/13,103.4583333
5/27/13,76.54166667
5/28/13,38.29166667
5/29/13,20.41666667
5/30/13,59.375
5/31/13,91.625
6/1/13,73.16666667
6/2/13,155.7083333
6/3/13,131.7916667
6/4/13,129.875
6/5/13,146.9583333
6/6/13,153.75
6/7/13,137.1666667
6/8/13,174.7916667
6/9/13,56.75
6/10/13,32.20833333
6/11/13,61.95833333
6/12/13,67.95833333
6/13/13,107.4166667
6/14/13,108.1666667
6/15/13,125.7083333
6/16/13,174.4583333
6/17/13,35.83333333
6/18/13,53.70833333
6/19/13,51.5
6/20/13,1.041666667
6/21/13,77.58333333
6/22/13,59.79166667
6/23/13,68.83333333
6/24/13,108.7916667
6/25/13,127.375
6/26/13,157.75
6/27/13,92.70833333
6/28/13,294.4583333
6/29/13,104.4166667
6/30/13,180.4166667
7/1/13,143.2916667
7/2/13,17.45833333
7/3/13,31.83333333
7/4/13,28.29166667
7/5/13,23.125
7/6/13,60.95833333
7/7/13,92.375
7/8/13,91.29166667
7/9/13,83.29166667
7/10/13,36.83333333
7/11/13,41.25
7/12/13,72.70833333
7/13/13,107.7083333
7/14/13,87.5
7/15/13,62.5
7/16/13,26.625
7/17/13,6.25
7/18/13,134.9583333
7/19/13,123.5833333
7/20/13,98.625
7/21/13,70.875
7/22/13,-174.2916667
7/23/13,43.33333333
7/24/13,40
7/25/13,33.29166667
7/26/13,55.33333333
7/27/13,111.4583333
7/28/13,58.375
7/29/13,69.25
7/30/13,99.83333333
7/31/13,44.125
8/1/13,46.58333333
8/2/13,69.125
8/3/13,34.75
8/4/13,82.33333333
8/5/13,45.41666667
8/6/13,125.4583333
8/7/13,31.375
8/8/13,32.29166667
8/9/13,37.33333333
8/10/13,88.875
8/11/13,122.2916667
8/12/13,54.25
8/13/13,78.04166667
8/14/13,62.45833333
8/15/13,106
8/16/13,106.6666667
8/17/13,38.875
8/18/13,-26.45833333
8/19/13,25.79166667
8/20/13,48.75
8/21/13,100.9583333
8/22/13,-18.79166667
8/23/13,58.33333333
8/24/13,39.375
8/25/13,43.79166667
8/26/13,54.20833333
8/27/13,53.66666667
8/28/13,76.20833333
8/29/13,32
8/30/13,-152.5
8/31/13,24.625
9/1/13,49.125
9/2/13,60.33333333
9/3/13,101.7083333
9/4/13,78.875
9/5/13,25.91666667
9/6/13,80.29166667
9/7/13,81.70833333
9/8/13,108.4166667
9/9/13,87.58333333
9/10/13,67.16666667
9/11/13,72.20833333
9/12/13,150.7916667
9/13/13,15.95833333
9/14/13,69
9/15/13,24
9/16/13,60.5
9/17/13,103.6666667
9/18/13,115.5416667
9/19/13,123.75
9/20/13,65.125
9/21/13,51.41666667
9/22/13,95.66666667
9/23/13,38.83333333
9/24/13,14.66666667
9/25/13,18.125
9/26/13,15.83333333
9/27/13,193.7083333
9/28/13,246.8333333
9/29/13,226.625
9/30/13,147.75
10/1/13,71.45833333
10/2/13,19.54166667
10/3/13,61.04166667
10/4/13,168.1666667
10/5/13,306
10/6/13,213.4166667
10/7/13,91.29166667
10/8/13,-113.5833333
10/9/13,146.5
10/10/13,81.58333333
10/11/13,59.29166667
10/12/13,70.45833333
10/13/13,57.33333333
10/14/13,37.83333333
10/15/13,23.29166667
10/16/13,64.04166667
10/17/13,162.8333333
10/18/13,248.1666667
10/19/13,68
10/20/13,29.58333333
10/21/13,100.1666667
10/22/13,52.25
10/23/13,25.75
10/24/13,23.75
10/25/13,47.29166667
10/26/13,73.375
10/27/13,228.5416667
10/28/13,314.3333333
10/29/13,29.875
10/30/13,98.79166667
10/31/13,167.375
11/1/13,217
11/2/13,286.7916667
11/3/13,47.45833333
11/4/13,53.25
11/5/13,203.4583333
11/6/13,113.6666667
11/7/13,44.5
11/8/13,162.7083333
11/9/13,96.875
11/10/13,19.33333333
11/11/13,41.625
11/12/13,62.5
11/13/13,198.2916667
11/14/13,66.04166667
11/15/13,118.375
11/16/13,47.33333333
11/17/13,13.83333333
11/18/13,11.70833333
11/19/13,-1.166666667
11/20/13,77.625
11/21/13,131
11/22/13,174.1666667
11/23/13,170.8333333
11/24/13,93.95833333
11/25/13,24.08333333
11/26/13,26.20833333
11/27/13,7.416666667
11/28/13,27.16666667
11/29/13,59.54166667
11/30/13,34.70833333
12/1/13,84.70833333
12/2/13,136.5833333
12/3/13,89.75
12/4/13,112.75
12/5/13,49.29166667
12/6/13,164.9166667
12/7/13,348.5
12/8/13,214.4166667
12/9/13,19.45833333
12/10/13,27.25
12/11/13,30.79166667
12/12/13,22.70833333
12/13/13,69.54166667
12/14/13,62.91666667
12/15/13,59.375
12/16/13,183.375
12/17/13,77.5
12/18/13,56.29166667
12/19/13,41.25
12/20/13,-49.79166667
12/21/13,91.29166667
12/22/13,181.2083333
12/23/13,145.75
12/24/13,316.75
12/25/13,170.125
12/26/13,14.625
12/27/13,32.625
12/28/13,-20.75
12/29/13,-253.5833333
12/30/13,-389.875
12/31/13,49.33333333
1/1/14,58.41666667
1/2/14,167.625
1/3/14,54.45833333
1/4/14,154.875
1/5/14,101.4166667
1/6/14,154.5833333
1/7/14,112.875
1/8/14,21.41666667
1/9/14,33.125
1/10/14,81.29166667
1/11/14,152.625
1/12/14,-185.5416667
1/13/14,127.875
1/14/14,119.4583333
1/15/14,210.375
1/16/14,448.4166667
1/17/14,154.5
1/18/14,76.75
1/19/14,124.75
1/20/14,10.25
1/21/14,47.20833333
1/22/14,66.125
1/23/14,288.4166667
1/24/14,152.375
1/25/14,33.70833333
1/26/14,59
1/27/14,96.16666667
1/28/14,46.58333333
1/29/14,149.2916667
1/30/14,71.33333333
1/31/14,166.2083333
2/1/14,155.0833333
2/2/14,68.91666667
2/3/14,7.125
2/4/14,29.95833333
2/5/14,103.8333333
2/6/14,143.25
2/7/14,102.875
2/8/14,56
2/9/14,13.45833333
2/10/14,26.20833333
2/11/14,131.25
2/12/14,145.5833333
2/13/14,210.9583333
2/14/14,299.6666667
2/15/14,363.7916667
2/16/14,264.8333333
2/17/14,75.79166667
2/18/14,25.70833333
2/19/14,79.83333333
2/20/14,218.0833333
2/21/14,330.4166667
2/22/14,335.5416667
2/23/14,242
2/24/14,352.5833333
2/25/14,449.75
2/26/14,386.4166667
2/27/14,20.375
2/28/14,102.6666667
3/1/14,83.125
3/2/14,162.125
3/3/14,243.5416667
3/4/14,49.29166667
3/5/14,24.875
3/6/14,20.375
3/7/14,61.5
3/8/14,175.75
3/9/14,119.75
3/10/14,108.5
3/11/14,195.7916667
3/12/14,19.16666667
3/13/14,22.25
3/14/14,24.875
3/15/14,114.5833333
3/16/14,122.2916667
3/17/14,85.83333333
3/18/14,40.41666667
3/19/14,58.66666667
3/20/14,10.16666667
3/21/14,-14.25
3/22/14,66.125
3/23/14,158.6666667
3/24/14,245.7083333
3/25/14,224.2083333
3/26/14,317.875
3/27/14,257.4166667
3/28/14,151.4583333
3/29/14,38.79166667
3/30/14,34.29166667
3/31/14,155.2916667
4/1/14,130.2916667
4/2/14,105.4583333
4/3/14,23.375
4/4/14,30.20736072
4/5/14,21.29066448
4/6/14,50.32109142
4/8/14,180.1695251
4/9/14,111.8095224
4/10/14,87.56172684
4/11/14,61.66689117
4/12/14,99.02687119
4/13/14,155.2794578
4/14/14,219.2467804
4/15/14,113.7528576
4/16/14,61.37929436
4/17/14,93.68362208
4/18/14,136.187186
4/19/14,59.65336419
4/20/14,57.75800685
4/22/14,63.05701887
4/23/14,124.6206888
4/29/14,92.74859745
4/30/14,102.9135556
5/1/14,117.1865883
5/2/14,23.13206029
5/3/14,44.56906323
5/4/14,27.02094431
5/5/14,28.50690242
5/6/14,75.55216447
5/7/14,52.3512395
5/8/14,72.98625989
5/9/14,62.63185832
5/10/14,50.54549541
5/11/14,20.78642779
5/12/14,31.40644515
5/13/14,52.64525268
5/14/14,18.24179845
5/15/14,59.38814757
5/16/14,43.07408189
5/17/14,58.66143934
5/18/14,74.19159856
5/19/14,102.5194172
5/20/14,61.48109666
5/21/14,108.6360005
5/22/14,122.2362905
5/23/14,80.94990619
5/24/14,75.24426879
5/25/14,45.44366604
5/26/14,24.15201261
5/27/14,28.54845957
5/28/14,30.90954563
5/29/14,43.03322822
5/30/14,85.42371183
5/31/14,107.1406002
6/1/14,45.24408011
6/2/14,28.33348409
6/3/14,38.79183616
6/4/14,56.46411407
6/5/14,64.01371256
6/6/14,34.12781464
6/7/14,10.15189766
6/8/14,27.99946445
6/9/14,30.70159275
6/10/14,65.14310155
6/11/14,35.9816736
6/12/14,31.2464045
6/13/14,45.67546827
6/14/14,39.09536267
6/15/14,106.4170038
6/16/14,125.266935
6/17/14,65.21732516
6/18/14,56.72183018
6/19/14,114.5330587
6/20/14,37.0215751
6/21/14,63.49440425
6/22/14,33.57351246
6/23/14,25.74973116
6/24/14,51.63431573
6/25/14,95.60906569
6/26/14,113.046855
6/27/14,17.98989098
6/28/14,20.65738404
6/29/14,47.8343811
6/30/14,71.93551752
7/1/14,98.35632934
7/2/14,51.345182
7/3/14,176.4181929
7/4/14,174.1749555
7/5/14,126.9831016
7/6/14,186.9104845
7/7/14,153.6118212
7/8/14,58.02110502
7/9/14,24.29435179
7/10/14,28.53706396
7/11/14,28.03816897
7/12/14,16.61005604
7/13/14,17.83558879
7/14/14,30.88924781
7/15/14,46.18645614
7/16/14,91.85382372
7/17/14,123.051296
7/18/14,137.4681244
7/19/14,78.30087977
7/20/14,68.02633048
7/21/14,21.70272853
7/22/14,13.1265136
7/23/14,26.17821715
7/24/14,61.96756202
7/25/14,66.13847501
7/26/14,90.92499081
7/27/14,105.3101997
7/28/14,112.9096479
7/29/14,117.1674607
7/30/14,109.2991559
7/31/14,176.4815877
8/1/14,145.8935487
8/2/14,119.477261
8/3/14,106.2728247
8/4/14,23.59534814
8/5/14,25.44808922
8/6/14,28.66351205
8/7/14,59.82300498
8/8/14,63.6273211
8/9/14,74.99975865
8/10/14,32.69598476
8/11/14,21.10098258
8/12/14,26.54882274
8/13/14,24.81706972
8/14/14,30.82958
8/15/14,36.09400575
8/16/14,59.92697794
8/17/14,49.11019927
8/18/14,63.58276977
8/19/14,81.07857731
8/20/14,99.0745419
8/21/14,121.046288
8/22/14,45.66776264
8/23/14,103.6883584
8/24/14,18.34459382
8/25/14,16.91337615
8/26/14,23.72803925
8/27/14,45.95173697
8/28/14,82.13439761
8/29/14,71.96801538
8/30/14,126.175186
8/31/14,65.10224889
9/1/14,93.2856504
9/2/14,21.22411429
9/3/14,15.20748719
9/4/14,36.85384133
9/5/14,81.11133735
9/6/14,134.5068928
9/7/14,142.5535901
9/8/14,12.54075042
9/9/14,37.38181584
9/10/14,64.21473895
9/11/14,83.07925565
9/12/14,69.71795401
9/13/14,65.38608048
9/14/14,35.51100116
9/15/14,19.28569761
9/16/14,39.10890236
9/17/14,46.84680359
9/18/14,59.74756975
9/19/14,83.56858486
9/20/14,123.3707151
9/21/14,98.21840234
9/22/14,95.3431359
9/23/14,48.48720036
9/24/14,28.26188095
9/25/14,97.28519344
9/26/14,121.276077
9/27/14,29.04408551
9/28/14,61.90339448
9/29/14,38.58170562
9/30/14,23.95166713
10/1/14,68.13927669
10/2/14,58.67443956
10/3/14,97.49625157
10/4/14,69.32017782
10/5/14,24.93006312
10/6/14,29.20981943
10/7/14,114.5095493
10/8/14,264.8886087
10/9/14,340.4909074
10/10/14,312.2796149
10/11/14,145.0885914
10/12/14,9.585504038
10/13/14,14.34190517
10/14/14,52.23440465
10/15/14,34.03942096
10/16/14,34.84854929
10/17/14,99.0504846
10/18/14,160.5977424
10/19/14,259.3429792
10/20/14,221.744313
10/21/14,43.43209229
10/22/14,76.62627719
10/23/14,132.8655714
10/24/14,235.2720689
10/25/14,315.860272
10/26/14,31.06903875
10/27/14,31.14949331
10/28/14,62.87130812
10/29/14,112.951354
10/30/14,169.3063107
10/31/14,169.4940611
11/1/14,44.37746706
11/2/14,8.165079026
11/3/14,29.27129248
11/4/14,98.89585761
11/5/14,48.22047308
11/6/14,10.31853039
11/7/14,47.62103598
11/8/14,73.79987578
11/9/14,64.47059908
11/10/14,83.23798933
11/11/14,28.82345078
11/12/14,6.972666255
11/13/14,25.9197361
11/14/14,39.06548563
11/15/14,123.6022878
11/16/14,59.88735026
11/17/14,22.81703238
11/18/14,82.62640806
11/19/14,245.1650448
11/20/14,337.3883514
11/21/14,231.6459583
11/22/14,43.32732878
11/23/14,130.6934366
11/24/14,70.2901598
11/25/14,149.9597631
11/26/14,266.3406472
11/27/14,48.47309019
11/28/14,83.85967356
11/29/14,231.4234549
11/30/14,56.13994885
12/1/14,12.38151156
12/2/14,33.41247835
12/3/14,17.58644769
12/4/14,10.0560694
12/5/14,32.86921101
12/6/14,69.71089246
12/7/14,43.84960546
12/8/14,57.82646806
12/9/14,240.5234771
12/10/14,99.35525348
12/11/14,20.66102154
12/12/14,13.12702755
12/13/14,48.54608627
12/14/14,104.23037
12/15/14,29.68713808
12/16/14,9.101744638
12/17/14,66.68340819
12/18/14,144.8918369
12/19/14,23.59478304
12/20/14,12.97663157
12/21/14,15.58385049
12/22/14,87.5752465
12/23/14,108.5458207
12/24/14,18.4165686
12/25/14,41.46843612
12/26/14,142.6813019
12/27/14,230.3598955
12/28/14,170.275633
12/29/14,128.0402047
12/30/14,41.94320934
12/31/14,8.181475373
1/1/15,37.91707817
1/2/15,55.79771905
1/3/15,170.3361924
1/4/15,198.6199499
1/5/15,59.48649897
1/6/15,23.5656673
1/7/15,73.12020474
1/8/15,140.6409689
1/9/15,57.78644563
1/10/15,177.5233889
1/11/15,36.76773667
1/12/15,116.7714453
1/13/15,160.6413695
1/14/15,223.1478916
1/15/15,330.9320976
1/16/15,38.74616893
1/17/15,47.62990419
1/18/15,54.41895992
1/19/15,39.22191838
1/20/15,92.59116405
1/21/15,20.30319606
1/22/15,109.281784
1/23/15,211.8339504
1/24/15,100.2608014
1/25/15,127.2833347
1/26/15,48.79374264
1/27/15,15.86492543
1/28/15,39.97551326
1/29/15,47.11721804
1/30/15,13.72156799
1/31/15,31.39835301
2/1/15,91.865543
2/2/15,156.5910993
2/3/15,94.01702053
2/4/15,10.61346254
2/5/15,24.57142109
2/6/15,87.66878684
2/7/15,11.92811638
2/8/15,17.76178096
2/9/15,114.2004263
2/10/15,135.8495827
2/11/15,42.20025334
2/12/15,32.00174369
2/13/15,124.9431206
2/14/15,243.9341865
2/15/15,282.154127
2/16/15,80.27071004
2/17/15,28.14812997
2/18/15,39.9131963
2/19/15,207.6837191
2/20/15,142.2429537
2/21/15,131.9621148
2/22/15,40.83786406
2/23/15,49.43505555
2/24/15,150.0509248
2/25/15,36.82699832
2/26/15,14.61133494
2/27/15,11.51583272
3/1/15,61.18988113
3/2/15,47.90983185
3/3/15,8.172469596
3/4/15,23.47898498
3/5/15,106.617562
3/6/15,193.8803359
3/7/15,224.9757161
3/8/15,86.00412328
3/9/15,8.678007867
3/10/15,35.11036
3/11/15,33.5936965
3/12/15,69.47802324
3/13/15,54.09648126
3/14/15,93.8267227
3/15/15,103.810261
3/16/15,203.5089119
3/17/15,166.0625726
3/18/15,48.76810343
3/19/15,90.239283
3/20/15,49.91642759
3/21/15,17.76123873
3/22/15,19.75958177
3/23/15,33.853922
3/24/15,76.9041488
3/25/15,124.9970639
3/26/15,103.9107733
3/27/15,104.0588851
3/28/15,60.03347821
3/29/15,77.80060052
3/30/15,146.0508049
3/31/15,137.0809502
4/1/15,55.73038239
4/2/15,36.23713975
4/3/15,29.50949869
4/4/15,63.07167481
4/5/15,41.28719007
4/6/15,20.28328279
4/7/15,23.27778694
4/29/15,113.7293313
4/30/15,116.0146693
5/1/15,87.98317338
5/2/15,45.65974924
5/3/15,30.83935781
5/4/15,22.27941402
5/5/15,44.84612236
5/6/15,20.81202118
5/7/15,48.69730548
5/8/15,49.23493586
5/9/15,36.41579564
5/10/15,36.38507363
5/11/15,23.79503006
5/12/15,18.84937372
5/13/15,64.44547332
5/14/15,23.03130457
5/15/15,26.23850168
5/16/15,51.51211047
5/17/15,126.2239665
5/18/15,40.69101865
5/19/15,12.72897231
5/20/15,17.2977392
5/21/15,36.52740594
5/22/15,53.31151442
5/23/15,93.12034998
5/24/15,108.6935981
5/25/15,100.6274994
5/26/15,86.22486541
5/27/15,92.71198834
5/28/15,112.4193492
5/29/15,57.53657209
5/30/15,57.62606536
5/31/15,58.86834314
6/1/15,90.27541211
6/2/15,22.61590251
6/3/15,32.13370895
6/4/15,50.49934949
6/5/15,46.33460955
6/6/15,24.08462111
6/7/15,14.50180535
6/8/15,20.07805666
6/9/15,49.49229604
6/10/15,75.99759237
6/11/15,17.39336273
6/12/15,7.937557118
6/13/15,11.64860126
6/14/15,21.45550523
6/15/15,83.28583606
6/16/15,97.28368527
6/17/15,48.10155857
6/18/15,14.48053707
6/19/15,15.95359815
6/20/15,20.7062122
6/21/15,40.36049605
6/22/15,85.11618578
6/23/15,164.6176232
6/24/15,112.0502994
6/25/15,117.2211614
6/26/15,105.1544026
6/27/15,72.99166913
6/28/15,139.3934093
6/29/15,70.57820723
6/30/15,13.66071197
7/1/15,16.05535939
7/2/15,9.654857998
7/3/15,23.82523439
7/4/15,29.88002198
7/5/15,59.1577644
7/6/15,63.753663
7/7/15,63.65623437
7/8/15,109.81363
7/9/15,67.83078718
7/10/15,46.65713888
7/11/15,95.72552862
7/12/15,102.6351418
7/13/15,47.54482932
7/14/15,35.34480922
7/15/15,39.05243963
7/16/15,37.56985736
7/17/15,35.06751575
7/18/15,47.5351111
7/19/15,66.52698177
7/20/15,79.53355381
7/21/15,118.4520605
7/22/15,54.22545117
7/23/15,43.32848262
7/24/15,53.91000223
7/25/15,80.939831
7/26/15,89.96527332
7/27/15,71.15126825
7/28/15,45.36042571
7/29/15,80.16260293
7/30/15,36.80839007
7/31/15,24.54728603
8/1/15,64.59827942
8/2/15,67.89956145
8/3/15,52.10033186
8/4/15,18.51516286
8/5/15,67.64698239
8/6/15,41.50458985
8/7/15,83.24394506
8/8/15,37.26589814
8/9/15,58.91595792
8/10/15,42.76732515
8/11/15,87.33650301
8/12/15,80.0883939
8/13/15,117.8493495
8/14/15,51.54163997
8/15/15,21.51623007
8/16/15,36.90182276
8/17/15,81.71145497
8/18/15,52.2315248
8/19/15,50.81838349
8/20/15,38.01175223
8/21/15,12.82998408
8/22/15,13.87477891
8/23/15,23.17036816
8/24/15,13.9030708
8/25/15,15.06740816
8/26/15,12.7136265
8/27/15,12.63081832
8/28/15,18.01813731
8/29/15,26.59245097
8/30/15,28.01956465
8/31/15,26.30621025
9/1/15,10.63795367
9/2/15,9.644937533
9/3/15,14.11252429
9/4/15,43.73405172
9/5/15,17.68141772
9/6/15,16.78630391
9/7/15,25.62784283
9/8/15,50.55986968
9/9/15,32.61004562
9/10/15,9.388783605
9/11/15,9.532715155
9/12/15,7.647386975
9/13/15,19.07053891
9/14/15,59.4298784
9/15/15,99.40869567
9/16/15,117.0894656
9/17/15,137.454935
9/18/15,56.71164639
9/19/15,19.98432511
9/20/15,80.03323079
9/21/15,92.61882498
9/22/15,113.9274212
9/23/15,29.85840734
9/24/15,84.30237279
9/25/15,17.53617536
9/26/15,28.80940125
9/27/15,46.22849995
9/28/15,45.01952002
9/29/15,40.64441639
9/30/15,26.61563161
10/1/15,10.06663474
10/2/15,25.62848242
10/3/15,23.60174411
10/4/15,86.6340612
10/5/15,198.9601344
10/6/15,271.5762392
10/7/15,229.3669432
10/8/15,10.69336996
10/9/15,14.2563009
10/10/15,6.622143661
10/11/15,9.160183003
10/12/15,15.76623587
10/13/15,30.23090506
10/14/15,97.4213275
10/15/15,104.9442054
10/16/15,185.4433851
10/17/15,277.075874
10/18/15,42.53120475
10/19/15,46.72559087
10/20/15,73.45709595
10/21/15,49.36741165
10/22/15,27.54559121
10/23/15,47.65749965
10/24/15,52.88769815
10/25/15,36.01701108
10/26/15,31.05842919
10/27/15,16.27812279
10/28/15,9.644650313
10/29/15,8.482480935
10/30/15,21.07381746
10/31/15,39.60381045
11/1/15,69.41406585
11/2/15,78.10923366
11/3/15,143.9148647
11/4/15,197.7829834
11/5/15,76.48047804
11/6/15,19.66376455
11/7/15,20.44012205
11/8/15,54.57285568
11/9/15,115.225753
11/10/15,126.1062626
11/11/15,105.6095601
11/12/15,143.1297949
11/13/15,195.2122821
11/14/15,257.8682819
11/15/15,195.9716832
11/16/15,56.32797238
11/17/15,63.1943904
11/18/15,62.55001403
11/19/15,72.64624562
11/20/15,62.26196477
11/21/15,43.50690688
11/22/15,49.14717003
11/23/15,34.10144737
11/24/15,36.50116657
11/25/15,38.50135447
11/26/15,21.48605537
11/27/15,207.0547857
11/28/15,269.3896278
11/29/15,252.041098
11/30/15,317.1245084
12/1/15,435.6669562
12/2/15,15.20650953
12/3/15,9.86954599
12/4/15,29.58193551
12/5/15,54.26413913
12/6/15,134.9412042
12/7/15,183.7913659
12/8/15,234.8703408
12/9/15,244.6317601
12/10/15,69.48448926
12/11/15,48.1197213
12/12/15,147.6090845
12/13/15,195.7127517
12/14/15,158.192039
12/15/15,10.43967489
12/16/15,7.188632554
12/17/15,48.98635425
12/18/15,63.65659814
12/19/15,130.2248821
12/20/15,209.5646032
12/21/15,258.9784659
12/22/15,304.2382116
12/23/15,288.8899708
12/24/15,168.925198
12/25/15,423.2333527
12/26/15,232.9954549
12/27/15,45.82327967
12/28/15,115.7015673
12/29/15,279.9236562
12/30/15,49.90430118
12/31/15,64.67717087
1/1/16,186.7325636
1/2/16,277.0913131
1/3/16,235.3380411
1/4/16,40.32475332
1/5/16,27.99381994
1/6/16,33.97599316
1/7/16,15.42054597
1/8/16,31.8739516
1/9/16,87.16765186
1/10/16,61.21415032
1/11/16,13.36824448
1/12/16,21.1025092
1/13/16,45.3235378
1/14/16,84.33093599
1/15/16,109.0972414
1/16/16,133.4513756
1/17/16,32.51256961
1/18/16,11.21497877
1/19/16,59.57774644
1/20/16,122.4121546
1/21/16,131.4901881
1/22/16,11.81227487
1/23/16,9.653257614
1/24/16,15.83075913
1/25/16,45.00274354
1/26/16,36.92409586
1/27/16,105.5389891
1/28/16,127.5050421
1/29/16,65.41722334
1/30/16,56.30386833
1/31/16,26.62169661
2/1/16,27.692774
2/2/16,35.59276694
2/3/16,55.23212748
2/4/16,15.37910652
2/5/16,10.27124397
2/6/16,30.68051411
2/7/16,55.27956584
2/8/16,78.53999928
2/9/16,51.41197008
2/10/16,91.81876176
2/11/16,154.5655473
2/12/16,156.1906646
2/13/16,9.643296562
2/14/16,7.493388512
2/15/16,9.642645612
2/16/16,12.23173242
2/17/16,41.51918728
2/18/16,17.69081722
2/19/16,16.4123406
2/20/16,13.17337328
2/21/16,78.00412225
2/22/16,53.58289046
2/23/16,10.71387482
2/24/16,27.51456016
2/25/16,25.07723813
2/26/16,29.93684678
2/27/16,22.90126685
2/28/16,25.56059449
2/29/16,28.63883577
3/1/16,116.0794032
3/2/16,166.1957375
3/3/16,262.7469223
3/4/16,320.7678541
3/5/16,66.31822937
3/6/16,71.14800593
3/7/16,22.41918986
3/8/16,11.25541753
3/9/16,10.9621166
3/10/16,11.4894168
3/11/16,21.37887429
3/12/16,102.2227447
3/13/16,21.69427958
3/14/16,72.83195763
3/15/16,133.5074254
3/16/16,237.8814648
3/17/16,284.4805604
3/18/16,130.8506998
3/19/16,60.24853167
3/20/16,64.73477422
3/21/16,121.0733268
3/22/16,99.47733517
3/23/16,9.170748171
3/24/16,12.60731784
3/25/16,19.31037266
3/26/16,15.43934858
3/27/16,17.20679268
3/28/16,69.67417906
3/29/16,16.32986765
3/30/16,24.6285771
3/31/16,136.4547739
4/1/16,27.89097154
4/2/16,8.173162078
4/3/16,15.9669002
4/4/16,70.00150158
4/5/16,108.8597374
4/6/16,115.7044067
4/7/16,48.6091414
4/8/16,17.89167076
4/9/16,72.78716281
4/10/16,56.73953524
4/11/16,43.68516411
4/12/16,73.59552653
4/13/16,101.8497643
4/14/16,31.0828171
4/15/16,55.19522969
4/16/16,21.94782703
4/17/16,12.86999908
4/18/16,16.46427155
4/19/16,71.14555817
4/20/16,66.55452603
4/21/16,83.31325856
4/22/16,34.32306788
4/23/16,23.26491839
4/24/16,79.06058763
4/25/16,84.45132001
4/26/16,78.517515
4/27/16,86.10735012
4/28/16,81.07264997
4/29/16,97.51340142
4/30/16,151.6200958
5/1/16,179.3252614
5/2/16,46.61111476
5/3/16,24.88575851
5/4/16,31.60698169
5/5/16,50.84950825
5/6/16,35.7681738
5/7/16,22.11877267
5/8/16,58.46555353
5/9/16,36.39040457
5/10/16,38.97990477
5/11/16,141.0092237
5/12/16,23.65450023
5/13/16,32.69446248
5/14/16,39.02045033
5/15/16,27.16056521
5/16/16,24.00804721
5/17/16,57.02224168
5/18/16,62.05341324
5/19/16,85.25477207
5/20/16,85.43065019
5/21/16,68.18922215
5/22/16,50.74220199
5/23/16,59.14381306
5/24/16,20.65681598
5/25/16,13.48639584
5/26/16,21.64029373
5/27/16,47.6105956
5/28/16,48.80630525
5/29/16,28.58110046
5/30/16,82.25520789
5/31/16,41.89266558
6/1/16,33.57941074
6/2/16,48.28173895
6/3/16,77.59758086
6/4/16,88.40361575
6/5/16,76.28159276
6/6/16,86.34430858
6/7/16,55.59619215
6/8/16,125.6812383
6/9/16,96.73311507
6/10/16,46.26262808
6/11/16,10.25405358
6/12/16,63.19826084
6/13/16,48.03961595
6/14/16,33.73332593
6/15/16,19.54719837
6/16/16,28.09483598
6/17/16,26.01068395
6/18/16,41.12549382
6/19/16,56.53775632
6/20/16,85.66141557
6/21/16,86.17301441
6/22/16,54.24430682
6/23/16,74.86211995
6/24/16,13.10967159
6/25/16,16.41292108
6/26/16,42.99616971
6/27/16,60.72857961
6/28/16,60.41734951
6/29/16,106.081069
6/30/16,63.1732321
7/1/16,17.91653519
7/2/16,40.93102827
7/3/16,75.67808386
7/4/16,119.5967002
7/5/16,89.90321361
7/6/16,71.00275608
7/7/16,106.7928385
7/8/16,87.62913499
7/9/16,79.43083802
7/10/16,82.77108578
7/11/16,83.31404036
7/12/16,27.83362971
7/13/16,21.33808397
7/14/16,34.80740441
7/15/16,35.23854074
7/16/16,37.37982806
7/17/16,76.30991172
7/18/16,105.6467731
7/19/16,94.87852906
7/20/16,19.92978528
7/21/16,18.11000772
7/22/16,68.24442179
7/23/16,113.5796996
7/24/16,58.76960661
7/25/16,42.44356346
7/26/16,18.0230739
7/27/16,47.62953007
7/28/16,41.63750728
7/29/16,116.1256408
7/30/16,114.8626063
7/31/16,56.02374668
8/1/16,68.2183665
8/2/16,45.62329542
8/3/16,53.77586511
8/4/16,95.53252521
8/5/16,63.87390716
8/6/16,94.90565264
8/7/16,20.56385724
8/8/16,28.41000799
8/9/16,48.43097644
8/10/16,79.35028665
8/11/16,85.41052583
8/12/16,77.63495106
8/13/16,23.78023982
8/14/16,20.12404023
8/15/16,18.5358594
8/16/16,23.81120091
8/17/16,56.06339464
8/18/16,69.53445181
8/19/16,17.15354664
8/20/16,49.38333372
8/21/16,54.52541888
8/22/16,50.66045838
8/23/16,68.62880521
8/24/16,80.11857315
8/25/16,12.58581058
8/26/16,10.2219373
8/27/16,14.93252393
8/28/16,12.55360138
8/29/16,18.7454312
8/30/16,31.31996183
8/31/16,16.15676602
9/1/16,8.471693517
9/2/16,13.06157599
9/3/16,18.20558868
9/4/16,73.32794586
9/5/16,27.56404191
9/6/16,22.57868562
9/7/16,35.77809621
9/8/16,21.40278616
9/9/16,18.65043105
9/10/16,17.10383459
9/11/16,29.99023216
9/12/16,32.58991845
9/13/16,80.27180921
9/14/16,93.81355631
9/15/16,73.26058633
9/16/16,121.8330464
9/17/16,38.90310749
9/18/16,20.73516963
9/19/16,10.40017617
9/20/16,19.30929644
9/21/16,62.98623389
9/22/16,100.5975698
9/23/16,115.6356477
9/24/16,106.761654
9/25/16,163.1440316
9/26/16,57.05553719
9/27/16,17.01462991
9/28/16,14.08644635
9/29/16,50.34080072
9/30/16,97.09574989
10/1/16,162.1607149
10/2/16,179.6155472
10/3/16,116.2320748
10/4/16,32.33970466
10/5/16,51.35082326
10/6/16,67.4788511
10/7/16,38.77414776
10/8/16,11.60872559
10/9/16,32.4061456
10/10/16,83.96100939
10/11/16,116.1595633
10/12/16,75.88312142
10/13/16,146.233685
10/14/16,225.1929681
10/15/16,172.0851212
10/16/16,113.5022036
10/17/16,56.00630647
10/18/16,107.8466341
10/19/16,215.19307
10/20/16,70.76945518
10/21/16,43.81164326
10/22/16,16.64271896
10/23/16,26.90078787
10/24/16,58.75963475
10/25/16,96.69083349
10/26/16,34.93450989
10/27/16,30.54516207
10/28/16,11.03241146
10/29/16,25.034615
10/30/16,32.85472744
10/31/16,7.399469178
11/1/16,45.70882667
11/2/16,104.4021496
11/3/16,184.6991483
11/4/16,225.9380694
11/5/16,169.1073742
11/6/16,70.64793055
11/7/16,26.16544626
11/8/16,30.86175702
11/9/16,144.0244693
11/10/16,152.152112
11/11/16,88.19867377
11/12/16,76.99029301
11/13/16,88.75246922
11/14/16,28.02601757
11/15/16,37.53848936
11/16/16,100.1796968
11/17/16,115.7233414
11/18/16,186.8627486
11/19/16,107.1415759
11/20/16,50.74911835
11/21/16,9.69798191
11/22/16,9.353698026
11/23/16,32.20525557
11/24/16,70.15650894
11/25/16,160.729447
11/26/16,272.53764
11/27/16,34.11062195
11/28/16,70.77841607
11/29/16,105.9094776
11/30/16,93.26247647
12/1/16,30.42806973
12/2/16,106.3579503
12/3/16,197.3689585
12/4/16,246.7039788
12/5/16,31.50705978
12/6/16,80.33100871
12/7/16,127.3289492
12/8/16,43.12285583
12/9/16,20.24663768
12/10/16,56.44442143
12/11/16,168.7660859
12/12/16,223.8499171
12/13/16,47.71272914
12/14/16,21.43082657
12/15/16,26.18820311
12/16/16,123.4400057
12/17/16,194.931267
12/18/16,233.0191793
12/19/16,235.4320884
12/20/16,350.105376
12/21/16,374.1305302
12/22/16,38.59723734
12/23/16,28.58159724
12/24/16,114.8312191
12/25/16,154.6305015
12/26/16,38.46109282
12/27/16,32.69159656
12/28/16,50.07501369
12/29/16,21.4707517
1/1/17,397.116968
1/2/17,214.2312064
1/3/17,308.8156828
1/4/17,351.39097
1/5/17,223.7893029
1/6/17,198.4157775
1/7/17,177.3572396
1/8/17,55.84061747
1/9/17,25.69090651
1/10/17,20.96533636
1/11/17,75.76579236
1/12/17,54.92666651
1/13/17,14.65036326
1/14/17,25.70275709
1/15/17,58.62242685
1/16/17,100.8751816
1/17/17,142.0492419
1/18/17,52.38958688
1/19/17,28.78662074
1/20/17,19.10350929
1/21/17,19.04493476
1/22/17,23.28513937
1/23/17,40.10219052
1/24/17,88.20281061
1/25/17,173.0873207
1/26/17,219.4464055
1/27/17,69.7554385
1/28/17,312.8986025
1/29/17,19.44730812
1/30/17,18.43437507
1/31/17,80.72033719
2/1/17,20.73816061
2/2/17,93.74103727
2/3/17,174.2484159
2/4/17,261.1380762
2/5/17,20.69056156
2/6/17,11.23893121
2/7/17,70.79806809
2/8/17,22.38627485
2/9/17,7.417446863
2/10/17,7.62287422
2/11/17,33.50674978
2/12/17,115.6676656
2/13/17,74.8223048
2/14/17,173.776525
2/15/17,241.7270723
2/16/17,23.12848867
2/17/17,16.52382049
2/18/17,90.99821529
2/19/17,59.94636658
2/20/17,11.84740115
2/21/17,57.96109263
2/22/17,66.74225254
2/23/17,18.05610304
2/24/17,31.57171652
2/25/17,13.4236538
2/26/17,30.39724852
2/27/17,73.04634342
2/28/17,19.63302936
3/1/17,9.384309952
3/2/17,36.35113419
3/3/17,84.313423
3/4/17,83.22549784
3/5/17,15.99096492
3/6/17,16.34547348
3/7/17,7.254498867
3/8/17,11.46767768
3/9/17,16.09718654
3/10/17,37.44671781
3/11/17,34.06144739
3/12/17,7.546957597
3/13/17,10.13729064
3/14/17,21.96851172
3/15/17,68.44299372
3/16/17,110.9099564
3/17/17,119.2346938
3/18/17,145.5866002
3/19/17,221.0020609
3/20/17,134.0130433
3/21/17,81.83919467
3/22/17,135.9506233
3/23/17,121.7785916
3/24/17,61.46054773
3/25/17,34.17569548
3/26/17,12.79038135
3/27/17,16.68927756
3/28/17,55.29252983
3/29/17,118.3888767
3/30/17,83.58201263
3/31/17,20.3812219
4/1/17,28.43877625
4/2/17,68.00511566
4/3/17,122.5795733
4/4/17,125.4623366
4/5/17,65.89017723
4/6/17,96.25243737
4/7/17,85.7180456
4/8/17,69.34765489
4/9/17,62.48479051
4/10/17,64.58211141
4/11/17,21.10007387
4/12/17,28.86337562
4/13/17,56.0962792
4/14/17,54.01958864
4/15/17,34.58584222
4/16/17,81.96664823
4/17/17,113.2509194
4/18/17,21.34543116
4/19/17,40.69683094
4/20/17,29.40584106
4/21/17,18.92872565
4/22/17,43.55974053
4/23/17,21.80109637
4/24/17,20.86871929
4/25/17,14.18879696
4/26/17,16.03265815
4/27/17,20.18250088
4/28/17,26.66871381
4/29/17,39.51467412
4/30/17,51.25832932
5/1/17,41.38615099
5/2/17,56.13809681
5/3/17,65.67480775
5/4/17,257.9829842
5/5/17,104.4827732
5/6/17,43.7040172
5/7/17,38.53200807
5/8/17,67.70850887
5/9/17,49.97905858
5/10/17,39.97507971
5/11/17,34.10629886
5/12/17,49.04113064
5/13/17,22.86661635
5/14/17,19.18664768
5/15/17,26.14507511
5/16/17,45.82494355
5/17/17,64.02284607
5/18/17,91.81299818
5/28/17,47.90625
5/29/17,28.27911462
5/31/17,39.72958026
6/1/17,24.17086256
6/2/17,22.63922559
6/3/17,27.16649773
6/4/17,42.42869323
6/5/17,70.32484423
6/6/17,37.4505184
6/7/17,42.07583652
6/8/17,25.5831223
6/9/17,29.8924657
6/10/17,21.7566756
6/11/17,30.94956165
6/12/17,34.98629193
6/13/17,38.89710937
6/14/17,35.77504184
6/15/17,40.57514258
6/16/17,62.01629815
6/17/17,77.35498232
6/18/17,72.20304684
6/19/17,38.51151632
6/20/17,32.85445645
6/21/17,48.79093044
6/22/17,30.76735647
6/23/17,19.99670289
6/24/17,20.45069333
6/25/17,27.29801585
6/26/17,23.83491654
6/27/17,66.04776099
6/28/17,85.65218681
6/29/17,61.65546004
6/30/17,70.56855905
7/1/17,87.14669681
7/9/17,85.18980956
7/10/17,24.12531043
7/11/17,46.89780535
7/12/17,72.36057924
7/13/17,65.27229345
7/14/17,30.85522535
7/15/17,34.4880006
7/16/17,64.67414598
7/17/17,55.20458993
7/18/17,61.64893658
7/19/17,72.00711014
7/20/17,92.86064734
7/21/17,19.50438711
7/22/17,22.45320073
7/23/17,47.30185886
7/24/17,38.94999813
7/25/17,30.81660696
7/26/17,22.09018471
7/27/17,37.97751215
7/28/17,27.23921078
7/29/17,31.66080025
7/30/17,37.61559033
7/31/17,74.14055147
8/1/17,65.66757006
8/2/17,35.80780019
8/3/17,19.52873638
8/4/17,23.40673993
8/5/17,29.87755873
8/6/17,18.47653524
8/7/17,10.94888679
8/8/17,28.77560923
8/9/17,20.07283036
8/10/17,62.33978
8/11/17,85.63693617
8/12/17,28.54664895
8/13/17,39.22426508
8/14/17,27.34876524
8/15/17,47.53839463
8/16/17,46.26370145
8/17/17,23.0522833
8/18/17,48.93647901
8/19/17,40.38488075
8/20/17,57.09767829
8/21/17,69.59198335
8/22/17,70.10686516
8/23/17,17.34890729
8/24/17,12.78887317
8/25/17,10.29824942
8/26/17,16.17969716
8/27/17,15.52084984
8/28/17,16.74953968
8/29/17,17.16693353
8/30/17,48.51638794
8/31/17,77.96612905
9/1/17,137.9265247
9/2/17,91.09467944
9/3/17,55.46229818
9/4/17,86.32564593
9/5/17,25.58284329
9/6/17,16.20875111
9/7/17,43.28080979
9/8/17,113.889148
9/9/17,106.0605105
9/10/17,76.55502387
9/11/17,15.38383248
9/12/17,19.60662987
9/13/17,68.53718775
9/14/17,73.37455554
9/15/17,58.62146445
9/16/17,86.10179378
9/17/17,11.50178635
9/18/17,23.77216591
9/19/17,13.43975903
9/20/17,13.39685059
9/21/17,54.77077357
9/22/17,21.4940622
9/23/17,45.33156025
9/24/17,66.33906029
9/25/17,76.88287049
9/26/17,29.44147227
9/27/17,25.73481055
9/28/17,9.667504074
9/29/17,43.57792409
9/30/17,105.8304685
10/1/17,41.71707284
10/2/17,12.29223435
10/3/17,15.29275394
10/4/17,30.23208891
10/5/17,55.09709698
10/6/17,65.37529965
10/7/17,109.8789948
10/8/17,117.6492161
10/9/17,19.68882864
10/10/17,5.463377984
10/11/17,11.02819483
10/12/17,17.97976498
10/13/17,40.82318461
10/14/17,20.28398703
10/15/17,49.14496381
10/16/17,40.39205342
10/17/17,71.92149363
10/18/17,68.50077495
10/19/17,56.55730257
10/20/17,91.02301242
10/21/17,70.94288828
10/22/17,37.71622586
10/23/17,36.58226937
10/24/17,65.38392391
10/25/17,106.699876
10/26/17,147.7086632
10/27/17,162.6972491
10/28/17,17.55548989
10/29/17,7.737817163
10/30/17,20.19100411
10/31/17,58.29811614
11/1/17,65.25175751
11/2/17,41.51235115
11/3/17,11.84941094
11/4/17,33.51851431
11/5/17,96.85670243
11/6/17,151.8801278
11/7/17,57.99454207
11/8/17,18.08177323
11/9/17,51.00772182
11/10/17,7.997448311
11/11/17,14.73581316
11/12/17,56.43836666
11/13/17,17.66343877
11/14/17,9.142715667
11/15/17,16.37493534
11/16/17,55.48222557
11/17/17,15.98590472
11/18/17,21.85567265
11/19/17,89.20114841
11/20/17,101.9788794
11/21/17,109.3533936
11/22/17,7.503232579
11/23/17,7.437904675
11/24/17,15.23714142
11/25/17,42.46454379
11/26/17,11.63196086
11/27/17,68.61952569
11/28/17,24.08412923
11/29/17,12.42609643
11/30/17,22.00422654
12/1/17,70.79894804
12/2/17,149.3264345
12/3/17,25.82884028
12/4/17,7.105297327
12/5/17,27.0938863
12/6/17,27.97203943
12/7/17,9.938320073
12/8/17,22.61424283
12/9/17,41.85345263
12/10/17,8.344256383
12/11/17,8.717384534
12/12/17,12.30052919
12/13/17,35.12731852
12/14/17,73.63108701
12/15/17,27.62063364
12/16/17,8.969464052
12/17/17,30.20903564
12/18/17,13.39646239
12/19/17,29.64961222
12/20/17,20.5762695
12/21/17,56.08849274
12/22/17,37.98241984
12/23/17,36.62781172
12/24/17,13.83452761
12/25/17,26.5759381
12/26/17,25.67779626
12/27/17,73.5083534
12/28/17,110.7230317
12/29/17,179.5049324
12/30/17,100.1970106
12/31/17,36.61469989
1/1/18,38.55228738
1/2/18,27.76583046
1/3/18,12.76277606
1/4/18,15.70243493
1/5/18,36.71442309
1/6/18,21.06391414
1/7/18,47.50652751
1/8/18,12.79934597
1/9/18,8.273729925
1/10/18,6.349194079
1/11/18,11.08711636
1/12/18,60.43598173
1/13/18,100.7359516
1/14/18,141.3092179
1/15/18,33.09500907
1/16/18,44.32000719
1/17/18,42.69613603
1/18/18,53.00103402
1/19/18,94.01540429
1/20/18,40.95405682
1/21/18,37.28910833
1/22/18,30.78782307
1/23/18,8.842397178
1/24/18,19.79409994
1/25/18,13.58983129
1/26/18,27.50511181
1/27/18,86.89767783
1/28/18,14.28974677
1/29/18,12.48355067
1/30/18,16.40962648
1/31/18,19.27838438
2/1/18,31.74927312
2/2/18,8.164463271
2/3/18,10.74209647
2/4/18,19.59392947
2/5/18,7.874569999
2/6/18,35.94358802
2/7/18,21.91081054
2/8/18,44.70883468
2/9/18,33.9773117
2/10/18,11.76636241
2/11/18,10.66362066
2/12/18,13.82883773
2/13/18,58.65975323
2/14/18,13.70705881
2/15/18,37.44105584
2/16/18,60.85408715
2/17/18,78.95014172
2/18/18,118.8353535
2/19/18,140.5905198
2/20/18,41.85074123
2/21/18,40.94370663
2/22/18,21.09906013
2/23/18,25.89674277
2/24/18,27.98622502
2/25/18,52.00347837
2/26/18,123.5174344
2/27/18,174.4943561
2/28/18,82.82884808
3/1/18,13.00098394
3/2/18,77.06097572
3/3/18,170.1082364
3/4/18,64.4102102
3/5/18,46.29948514
3/6/18,44.4702322
3/7/18,44.49140686
3/8/18,40.54855473
3/9/18,98.46246872
3/10/18,117.4824983
3/11/18,61.88720882
3/12/18,141.4124321
3/13/18,245.2448244
3/14/18,239.3331332
3/15/18,15.53563099
3/16/18,32.15232259
3/17/18,57.14185387
3/18/18,103.253675
3/19/18,62.86634688
3/20/18,23.60673531
3/21/18,55.0664053
3/22/18,85.07397307
3/23/18,105.9470659
3/24/18,80.3832113
3/25/18,58.13027086
3/26/18,117.5557123
3/27/18,187.3637661
3/28/18,126.0195974
3/29/18,41.6789723
3/30/18,37.99150897
3/31/18,101.3684672
4/1/18,173.9673143
4/2/18,223.6281936
4/3/18,12.72730351
4/4/18,20.88449554
4/5/18,47.98641832
4/6/18,13.39130704
4/7/18,14.25312381
4/8/18,37.54435934
4/9/18,80.02762984
4/10/18,33.38246319
4/11/18,17.61426596
4/12/18,32.01549851
4/13/18,38.69730167
4/14/18,26.24894705
4/15/18,24.14313908
4/16/18,68.44825031
4/17/18,98.77555019
4/18/18,107.3091553
4/19/18,118.7943885
4/20/18,119.4887436
4/21/18,43.53433306
4/22/18,9.702271658
4/23/18,17.23861884
4/24/18,19.40827436
4/25/18,31.88280306
4/26/18,90.40511137
4/27/18,41.4717064
4/28/18,78.24822916
4/29/18,134.2062443
4/30/18,29.36292532
5/1/18,40.88058408
5/2/18,15.92602404
5/3/18,14.70631896
5/4/18,54.63845002
5/5/18,78.63990265
5/6/18,57.22013809
5/7/18,50.38487603
5/8/18,28.56380686
5/9/18,44.8386727
5/10/18,87.07218704
5/11/18,80.74632923
5/12/18,117.47635
5/13/18,45.84698699
5/14/18,114.2365444
5/15/18,66.42678301
5/16/18,105.3198328
5/17/18,35.50665874
5/18/18,23.06623665
5/19/18,37.11187768
5/20/18,37.37192528
5/21/18,55.59458859
5/22/18,43.21850218
5/23/18,59.50768324
5/24/18,52.95347095
5/25/18,60.83434637
5/26/18,100.0290241
5/27/18,44.9069554
5/28/18,40.74049868
5/29/18,14.21687654
5/30/18,13.79983465
5/31/18,29.16906499
6/1/18,28.10539751
6/2/18,48.97213445
6/3/18,53.02917259
6/4/18,31.60615901
6/5/18,39.712267
6/6/18,50.12312435
6/7/18,22.54177998
6/8/18,15.28547112
6/9/18,19.60603733
6/10/18,32.1971432
6/11/18,62.47213639
6/12/18,78.08762499
6/13/18,30.83988888
6/14/18,20.84122712
6/15/18,75.9201482
6/16/18,74.36785244
6/17/18,41.71429673
6/18/18,73.63775233
6/19/18,41.76698103
6/20/18,29.99456844
6/21/18,29.70698555
6/22/18,57.76101443
6/23/18,56.15335072
6/24/18,55.13766687
6/25/18,71.39050405
6/26/18,109.8845762
6/27/18,19.74592355
6/28/18,8.126809435
6/29/18,17.98869797
6/30/18,30.1690972
7/1/18,42.53913408
7/2/18,43.6120939
7/3/18,51.6182972
7/4/18,55.22767009
7/5/18,62.37789648
7/6/18,36.40545895
7/7/18,50.59307422
7/8/18,49.26304859
7/9/18,64.44445113
7/10/18,32.1012447
7/11/18,25.7415767
7/12/18,31.05855955
7/13/18,40.08645562
7/14/18,47.11420326
7/15/18,52.95351666
7/16/18,22.87414143
7/17/18,17.5091416
7/18/18,67.68638155
7/19/18,62.58617776
7/20/18,78.544428
7/21/18,66.11320961
7/22/18,38.52673042
7/23/18,46.36628598
7/24/18,15.90737975
7/25/18,9.988288552
7/26/18,11.14190381
7/27/18,44.70808333
7/28/18,51.79131254
7/29/18,70.09598481
7/30/18,68.82240014
7/31/18,61.24441653
8/1/18,56.31826116
8/2/18,80.07285667
8/3/18,51.71562019
8/4/18,63.5191566
8/5/18,37.21193691
8/6/18,30.96647548
8/7/18,54.10297025
8/8/18,17.70985563
8/9/18,23.25135873
8/10/18,30.66999891
8/11/18,43.83174823
8/12/18,46.69712389
8/13/18,39.08475085
8/14/18,21.89299762
8/15/18,13.91355146
8/16/18,12.80725961
8/17/18,29.65934825
8/18/18,13.31258689
8/19/18,20.21461091
8/20/18,23.58613111
8/21/18,12.53236431
8/22/18,22.05775417
8/23/18,17.7147543
8/24/18,12.60756419
8/25/18,25.49007365
8/26/18,55.22689506
8/27/18,60.25108382
8/28/18,53.60592513
8/29/18,9.976618108
8/30/18,15.92041242
8/31/18,14.71117068
9/1/18,38.88419108
9/2/18,38.12774622
9/3/18,15.56315557
9/4/18,6.632920896
9/5/18,11.19106287
9/6/18,8.042759423
9/7/18,5.717263057
9/8/18,7.435391098
9/9/18,21.89511429
9/10/18,41.63693678
9/11/18,43.30973015
9/12/18,44.21317084
9/13/18,76.57832526
9/14/18,96.86447229
9/15/18,12.15140237
9/16/18,7.210532473
9/17/18,16.37585833
9/18/18,22.50375526
9/19/18,32.04975207
9/20/18,51.88189328
9/21/18,11.59017241
9/22/18,5.973320617
9/23/18,5.229938816
9/24/18,17.39722065
9/25/18,22.12527242
9/26/18,34.48134491
9/27/18,64.37554317
9/28/18,49.33088645
9/29/18,6.44413603
9/30/18,5.420435961
10/1/18,7.981103812
10/2/18,11.09543813
10/3/18,13.58453801
10/4/18,39.65525344
10/5/18,81.19931245
10/6/18,7.684117931
10/7/18,10.1903845
10/8/18,10.96406418
10/9/18,4.248261667
10/10/18,6.858039178
10/11/18,9.854522899
10/12/18,36.16392328
10/13/18,86.25144722
10/14/18,144.0906799
10/15/18,154.8148176
10/16/18,58.41839446
10/17/18,27.97991611
10/18/18,32.45127133
10/19/18,44.49267117
10/20/18,68.33458712
10/21/18,113.8457879
10/22/18,96.685129
10/23/18,12.854776
10/24/18,44.62833149
10/25/18,82.01588427
10/26/18,6.644385118
10/27/18,16.70585
10/28/18,9.551577525
10/29/18,10.0203269
10/30/18,17.00329368
10/31/18,28.35825557
11/1/18,50.57774015
11/2/18,123.2360429
11/3/18,166.1913104
11/4/18,61.34788077
11/5/18,23.66363207
11/6/18,15.63052338
11/7/18,32.11237923
11/8/18,69.49092198
11/9/18,24.38686955
11/10/18,14.09934285
11/11/18,47.34208441
11/12/18,99.8609027
11/13/18,174.3193946
11/14/18,214.4205559
11/15/18,33.93149831
11/16/18,6.193669824
11/22/18,57.22722344
11/23/18,70.32956691
11/24/18,91.33912255
11/25/18,97.68971513
11/26/18,210.6487154
11/27/18,45.6858159
11/28/18,57.44684166
11/29/18,60.47330823
11/30/18,93.08801788
12/1/18,130.1015233
12/2/18,182.4122939
12/3/18,52.40166435
12/4/18,16.16751895
12/5/18,40.20886175
12/6/18,8.341366312
12/7/18,8.036748755
12/8/18,9.472072465
12/9/18,45.01260734
12/10/18,61.33432052
12/11/18,17.59353758
12/12/18,34.04888604
12/13/18,14.86296015
12/14/18,48.062719
12/15/18,97.78895911
12/16/18,79.15068739
12/17/18,22.28749626
12/18/18,29.5156451
12/19/18,38.01968522
12/20/18,55.69375069
12/21/18,70.7234136
12/22/18,41.24570059
12/23/18,10.32063764
12/24/18,50.51341964
12/25/18,25.23820043
12/26/18,9.286764981
12/27/18,7.665765185
12/28/18,9.194724096
12/29/18,14.13552417
12/30/18,15.67740797
12/31/18,39.57182477
1/1/19,39.70868744
1/2/19,44.11110502
1/3/19,124.025108
1/4/19,21.93259321
1/5/19,17.4200896
1/6/19,63.94814505
1/7/19,37.00161537
1/8/19,12.08896889
1/9/19,40.78802802
1/10/19,83.41235317
1/11/19,123.1719953
1/12/19,218.5099437
1/13/19,112.0219664
1/14/19,107.1062363
1/15/19,7.747175781
1/16/19,39.80147863
1/17/19,44.1196518
1/18/19,74.51071694
1/19/19,13.13799174
1/20/19,9.758503355
1/21/19,26.27576497
1/22/19,30.37705358
1/23/19,24.57829562
1/24/19,58.61065673
1/25/19,12.8673172
1/26/19,19.08142333
1/27/19,49.21222351
1/28/19,23.27630171
1/29/19,100.3630897
1/30/19,19.88843635
1/31/19,11.73126568
2/1/19,46.92641241
2/2/19,103.6933153
2/3/19,37.51154416
2/4/19,38.860612
2/5/19,106.3669573
2/6/19,51.32455862
2/7/19,9.171249327
2/8/19,23.37216081
2/9/19,8.814751915
2/10/19,25.95077839
2/11/19,35.76532306
2/12/19,29.45317979
2/13/19,22.13533295
2/14/19,51.99867122
2/15/19,10.18429284
2/16/19,8.344660623
2/17/19,12.67354177
2/18/19,36.3637609
2/19/19,109.1895553
2/20/19,50.00197391
2/21/19,89.3702262
2/22/19,105.7405958
2/23/19,137.0884594
2/24/19,64.19797923
2/25/19,44.60317542
2/26/19,50.75580057
2/27/19,85.81021679
2/28/19,74.52463532
3/1/19,125.0965827
3/2/19,181.7766663
3/3/19,161.4629448
3/4/19,94.97400993
3/5/19,39.00330271
3/6/19,8.444850319
3/7/19,19.78018064
3/8/19,57.83362983
3/9/19,81.28619259
3/10/19,107.5779149
3/11/19,19.10553901
3/12/19,4.950254972
3/13/19,8.631137852
3/14/19,8.04354371
3/15/19,9.186981628
3/16/19,20.24445336
3/17/19,40.90890099
3/18/19,94.71278202
3/19/19,116.7751554
3/20/19,61.69253415
3/21/19,5.285595855
3/22/19,8.117484358
3/23/19,9.587457322
3/24/19,34.06635902
3/25/19,18.91207267
3/26/19,37.10840465
3/27/19,56.46260301
3/28/19,24.71628117
3/29/19,22.88150775
3/30/19,5.342821168
3/31/19,10.40630327
4/1/19,12.31326537
4/2/19,26.47549777
4/3/19,54.55926213
4/4/19,64.33455615
4/5/19,26.75332169
4/6/19,35.78962794
4/7/19,39.5489641
4/8/19,27.48764006
4/9/19,22.92589551
4/10/19,24.52937
4/11/19,45.25252262
4/12/19,59.19119499
4/13/19,67.23264475
4/14/19,15.63798581
4/15/19,43.00075679
4/16/19,66.65327615
4/17/19,102.2572928
4/18/19,31.66964396
4/19/19,21.45711023
4/20/19,37.53244486
4/21/19,58.95321525
4/22/19,91.64521436
4/23/19,87.71977195
4/24/19,28.50560051
4/25/19,8.1867283
4/26/19,19.93140995
4/27/19,32.6004384
4/28/19,44.6459127
4/29/19,99.8064834
4/30/19,25.25400226
5/1/19,13.17726299
5/2/19,25.74494466
5/3/19,53.53759857
5/4/19,50.50012114
5/5/19,21.28599729
5/6/19,17.98778667
5/7/19,22.78783309
5/8/19,46.67377102
5/9/19,41.50511369
5/10/19,53.5418718
5/11/19,66.84937499
5/12/19,84.36209946
5/13/19,22.22896319
5/14/19,47.89979467
5/15/19,94.5211096
5/19/19,10.51527113
5/20/19,11.54404064
5/21/19,13.16034509
5/22/19,19.63509833
5/23/19,28.89294632
5/24/19,43.72481898
5/25/19,49.88085893
5/26/19,23.07898337
5/27/19,4.96257624
5/28/19,10.95214045
5/29/19,22.03287536
5/30/19,18.5811495
5/31/19,9.857255576
6/1/19,28.74908319
6/2/19,42.10692924
6/3/19,27.04655043
6/4/19,59.67496263
6/5/19,46.66696385
6/6/19,49.32606142
6/7/19,59.68695335
6/8/19,26.5577482
6/9/19,5.880577845
6/10/19,23.48929776
6/11/19,47.20433412
6/12/19,35.56072942
6/13/19,25.16903887
6/14/19,23.7663092
6/15/19,22.07984352
6/16/19,23.48153208
6/17/19,47.48277169
6/18/19,59.03572901
6/19/19,73.01140324
6/20/19,57.51675205
6/21/19,46.32985378
6/22/19,20.23756797
6/23/19,38.66383062
6/24/19,36.68802398
6/25/19,45.26074982
6/26/19,41.29299634
6/27/19,47.50290523
6/28/19,26.09767595
6/29/19,12.1627381
6/30/19,4.436591585
7/1/19,9.215651053
7/2/19,22.30600826
7/3/19,21.14579033
7/4/19,29.99930708
7/5/19,26.52302114
7/6/19,8.300824288
7/7/19,9.857334047
7/8/19,23.00287309
7/9/19,29.39495209
7/10/19,40.83022949
7/11/19,28.00703423
7/12/19,25.33907252
7/13/19,53.96754724
7/14/19,14.50087183
7/15/19,52.53400614
7/16/19,36.54375475
7/17/19,44.94288523
7/18/19,63.4778963
7/19/19,57.09345123
7/20/19,54.17086607
7/21/19,60.7996736
7/22/19,73.16028579
7/23/19,23.67052462
7/24/19,34.24516776
7/25/19,24.44967137
7/26/19,32.4793737
7/27/19,71.98285028
7/28/19,51.07022611
7/29/19,13.21080103
7/30/19,23.7643288
7/31/19,21.95608368
8/1/19,24.18556022
8/2/19,27.55999102
8/3/19,30.88290642
8/4/19,37.30106997
8/5/19,28.74381507
8/6/19,41.46301884
8/7/19,18.17968511
8/8/19,31.09169538
8/9/19,35.17520422
8/10/19,21.81098179
8/11/19,14.1488626
8/12/19,6.266399685
8/13/19,4.927283492
8/14/19,10.83337336
8/15/19,14.91784826
8/16/19,5.715658769
8/17/19,7.676814015
8/18/19,13.56563325
8/19/19,38.07615388
8/20/19,49.23578739
8/21/19,22.50365103
8/22/19,13.73896124
8/23/19,10.94169709
8/24/19,15.11497399
8/25/19,21.79687898
8/26/19,74.68560072
8/27/19,20.31658927
8/28/19,5.047286161
8/29/19,5.641433531
8/30/19,5.710412903
8/31/19,12.42635763
9/1/19,19.88563904
9/2/19,26.90423059
9/3/19,41.8103023
9/4/19,52.97931448
9/5/19,44.14180382
9/6/19,48.12363203
9/7/19,44.652475
9/8/19,32.78201176
9/9/19,62.13873153
9/10/19,9.344412566
9/11/19,15.04594273
9/12/19,16.7834694
9/13/19,20.04388343
9/14/19,10.91440618
9/15/19,26.50840921
9/16/19,17.58520466
9/17/19,26.79580213
9/18/19,6.414291291
9/19/19,21.73641098
9/20/19,31.96079289
9/21/19,45.3237794
9/22/19,63.46696894
9/23/19,26.95397013
9/24/19,12.06920107
9/25/19,21.73497631
9/26/19,33.15308849
9/27/19,51.30173237
9/28/19,53.43684911
9/29/19,60.14087057
9/30/19,68.45832943
10/2/19,49.54491919
10/3/19,55.3055207
10/4/19,7.00449404
10/5/19,5.879254475
10/6/19,19.03326993
10/7/19,38.82869821
10/8/19,6.008462785
10/9/19,26.25108395
10/10/19,44.87659656
10/11/19,39.06356116
10/12/19,26.60632333
10/13/19,22.54352946
10/14/19,8.077116386
10/15/19,16.36944161
10/16/19,25.40736043
10/17/19,52.21312171
10/18/19,55.57967496
10/19/19,111.3522211
10/20/19,64.54680806
10/21/19,15.34005168
10/22/19,39.35577923
10/23/19,75.49442347
10/24/19,41.36078017
10/25/19,5.57045047
10/26/19,25.15460437
10/27/19,53.14031705
10/28/19,18.62176603
10/29/19,25.96193367
10/30/19,55.27093186
10/31/19,33.28865043
11/1/19,27.77518353
11/2/19,26.94568144
11/3/19,32.78274938
11/4/19,49.25822153
11/5/19,44.05573315
11/6/19,42.83616664
11/7/19,21.81379427
11/8/19,38.37469723
11/9/19,72.20947385
11/10/19,29.45002809
11/11/19,17.08371801
11/12/19,50.45611989
11/13/19,8.786738379
11/14/19,24.2830924
11/15/19,37.65327556
11/16/19,48.51148395
11/17/19,52.1761446
11/18/19,16.98029903
11/19/19,18.50045661
11/20/19,59.09854883
11/21/19,90.36368149
11/22/19,134.925717
11/23/19,135.6969443
11/24/19,7.220318866
11/25/19,11.63774919
11/26/19,42.50256517
11/27/19,7.923607329
11/28/19,36.9536903
11/29/19,59.04501139
11/30/19,49.24092353
12/1/19,12.68543533
12/2/19,8.451162821
12/3/19,18.59568246
12/4/19,14.56880397
12/5/19,20.61105223
12/6/19,48.91277616
12/7/19,55.13353488
12/8/19,138.0546571
12/9/19,169.7767147
12/10/19,65.07226965
12/11/19,10.01972561
12/12/19,18.24510778
12/13/19,19.9243876
12/14/19,13.42509706
12/15/19,50.47719179
12/16/19,71.42626055
12/17/19,10.9149091
12/18/19,17.01841475
12/19/19,11.45653083
12/20/19,18.655354
12/21/19,46.67180973
12/22/19,67.90686593
12/23/19,43.39861327
12/24/19,83.23667154
12/25/19,52.28339648
12/26/19,16.5539772
12/27/19,39.88390534
12/28/19,74.8170468
12/29/19,72.1014308
12/30/19,7.869594466
12/31/19,17.28056367
1/1/20,36.68825402
1/2/20,55.40806306
1/3/20,57.06197792
1/4/20,47.58623858
1/5/20,63.22069489
1/6/20,59.57200251
1/7/20,14.34844593
1/8/20,15.55799075
1/9/20,36.66465618
1/10/20,36.24358903
1/11/20,12.35329082
1/12/20,22.83153434
1/13/20,11.79506926
1/14/20,16.94203765
1/15/20,47.91672075
1/16/20,49.86340044
1/17/20,75.25757066
1/18/20,177.75689
1/19/20,37.45969488
1/20/20,9.785932329
1/21/20,42.36441392
1/22/20,67.88978429
1/23/20,57.69725283
1/24/20,84.0011417
1/25/20,161.6849026
1/26/20,155.2831377
1/27/20,171.2935502
1/28/20,183.7189706
1/29/20,72.89614645
1/30/20,50.79477348
1/31/20,46.68135332
2/1/20,9.412409197
2/2/20,25.93790204
2/3/20,12.65087938
2/4/20,11.23693059
2/5/20,25.11874973
2/6/20,37.76764455
2/7/20,71.71678432
2/8/20,57.07994665
2/9/20,120.7390137
2/10/20,129.404352
2/11/20,184.9790422
2/12/20,209.8606513
2/13/20,200.5892603
2/14/20,33.87784887
2/15/20,5.997298682
2/16/20,3.749930717
2/17/20,6.289682199
2/18/20,17.07649012
2/19/20,51.52147276
2/20/20,111.0540085
2/21/20,54.57103264
2/22/20,7.225819209
2/23/20,36.35567313
2/24/20,62.8315045
2/25/20,50.7734421
2/26/20,37.92796469
2/27/20,30.03184127
2/28/20,60.75981818
2/29/20,82.0614664
3/1/20,16.75039743
3/2/20,19.33777299
3/3/20,11.67247277
3/4/20,9.905298996
3/5/20,36.27745445
3/6/20,84.03962099
3/7/20,54.86599715
3/8/20,100.0624094
3/9/20,45.97376455
3/10/20,10.47412458
3/11/20,24.79223811
3/12/20,14.68433283
3/13/20,10.59108559
3/14/20,8.209510458
3/15/20,7.093976822
3/16/20,24.52868703
3/17/20,29.61876016
3/18/20,30.20369154
3/19/20,6.385621418
3/20/20,31.67840634
3/21/20,27.55699078
3/22/20,27.17798205
3/23/20,29.71284118
3/24/20,40.83884136
3/25/20,113.5751933
3/26/20,6.928490559
3/27/20,5.123216642
3/28/20,8.53548427
3/29/20,41.90082882
3/30/20,68.57003156
3/31/20,65.73199142
4/1/20,7.221927754
4/2/20,14.86897455
4/3/20,14.09875051
4/4/20,20.67220123
4/5/20,29.14554741
4/6/20,58.2544141
4/7/20,42.53727857
4/8/20,21.51709794
4/9/20,32.85661816
4/10/20,39.62991774
4/11/20,21.84528614
4/12/20,16.90491851
4/13/20,27.47227145
4/14/20,65.78631505
4/15/20,64.54928972
4/16/20,18.54639611
4/17/20,24.08033931
4/18/20,34.91669999
4/20/20,7.16262332
4/21/20,7.247032681
4/22/20,7.183157159
4/23/20,7.738633052
4/24/20,17.7225412
4/25/20,12.17054809
4/26/20,13.9523926
4/27/20,40.021593
4/28/20,57.79859048
4/29/20,61.07576766
4/30/20,91.0656676
5/1/20,98.9502787
5/2/20,55.58035936
5/3/20,54.80357429
5/4/20,34.0226758
5/5/20,44.8571352
5/6/20,68.09426579
5/7/20,68.86003066
5/8/20,33.78468046
5/9/20,31.18792262
5/10/20,16.03491425
5/11/20,11.72482889
5/12/20,16.6668732
5/13/20,38.45841268
5/14/20,35.53247004
5/15/20,38.69937288
5/16/20,39.29190882
5/17/20,18.8356914
5/18/20,10.91229369
5/19/20,15.31648814
5/20/20,17.98068608
5/21/20,64.31340875
5/22/20,31.69547725
5/23/20,4.992100856
5/24/20,8.337522948
5/25/20,10.28543342
5/26/20,9.932626648
5/27/20,7.655555821
5/28/20,34.02144728
5/29/20,55.59109778
5/30/20,43.94783447
5/31/20,9.337407223
6/1/20,17.42321289
6/2/20,23.88212162
6/3/20,43.39906962
6/4/20,9.768037208
6/5/20,12.80320729
6/6/20,20.91593192
6/7/20,28.78786138
6/8/20,50.203761
6/9/20,37.56352286
6/10/20,45.72502339
6/11/20,40.12055077
6/12/20,28.98981473
6/13/20,38.28935574
6/14/20,5.623049525
6/15/20,13.56848105
6/16/20,32.6483488
6/17/20,20.97584048
6/18/20,23.1132159
6/19/20,22.66656441
6/20/20,33.52038076
6/21/20,32.75238516
6/22/20,45.35107772
6/23/20,39.98949533
6/24/20,18.46476896
6/25/20,26.8642058
6/26/20,24.95910401
6/27/20,57.31968025
6/28/20,45.56527517
6/29/20,25.51271828
6/30/20,14.74123356
7/1/20,24.2970687
7/2/20,25.73118891
7/3/20,42.80932516
7/4/20,40.26137875
7/5/20,22.0719534
7/6/20,15.33870231
7/7/20,13.57109489
7/8/20,30.63302025
7/9/20,27.18294756
7/10/20,39.23891074
7/11/20,68.04602865
7/12/20,68.88553081
7/13/20,38.99379299
7/14/20,28.54808838
7/15/20,27.8422455
7/16/20,42.07918889
7/17/20,44.51870801
7/18/20,36.86286702
7/19/20,19.72836901
7/20/20,28.86302683
7/21/20,31.18935986
7/22/20,36.98339022
7/23/20,29.0694999
7/24/20,24.42661852
7/25/20,24.89445382
7/26/20,20.30638723
7/27/20,45.4834508
7/28/20,50.63212095
7/29/20,46.65935662
7/30/20,57.28997566
7/31/20,35.27849423
8/1/20,25.81508872
8/2/20,15.57976775
8/3/20,16.77012436
8/4/20,14.88123385
8/5/20,30.35917672
8/6/20,30.12699997
8/7/20,21.24082406
8/8/20,21.64077895
8/9/20,17.10263796
8/10/20,12.63607777
8/11/20,28.86677151
8/12/20,32.85356067
8/13/20,22.02003204
8/14/20,25.63925305
8/15/20,26.99368184
8/16/20,31.76755238
8/17/20,39.35281928
8/18/20,16.96633091
8/19/20,8.741622366
8/20/20,16.6791083
8/21/20,20.1722246
8/22/20,32.3880848
8/23/20,48.62998364
8/24/20,8.012301997
8/25/20,16.22136146
8/26/20,43.86400541
8/27/20,33.01115994
8/28/20,15.31769256
8/29/20,43.0153292
8/30/20,45.95505586
8/31/20,10.93664296
9/1/20,11.20910004
9/2/20,13.76719387
9/3/20,6.602382622
9/4/20,13.98349662
9/5/20,22.23594556
9/6/20,50.43340931
9/7/20,16.30170617
9/8/20,7.676618246
9/9/20,7.815617363
9/10/20,6.414608909
9/11/20,4.847905157
9/12/20,8.800889886
9/13/20,22.97634493
9/14/20,38.36156954
9/15/20,25.24319513
9/16/20,4.535578877
9/17/20,5.570643235
9/18/20,8.413285935
9/19/20,13.5654552
9/20/20,10.91027301
9/21/20,31.34402574
9/22/20,19.43031107
9/23/20,30.75939108
9/24/20,24.92264311
9/25/20,32.42478185
9/26/20,47.2835662
9/27/20,55.57334515
9/28/20,71.79091586
9/29/20,9.661964264
9/30/20,15.61091043
10/1/20,38.96575784
10/2/20,5.094023015
10/3/20,15.28412778
10/4/20,4.078320525
10/5/20,6.104736935
10/6/20,22.71581978
10/7/20,57.86344651
10/8/20,82.19688205
10/9/20,104.4139916
10/10/20,127.6625952
10/11/20,19.36688254
10/12/20,7.693923174
10/13/20,10.98070735